customer_id,age,tenure_months,num_products,has_credit_card,is_active_member,estimated_monthly_salary_zmw,balance_zmw,credit_score,num_complaints_last_year,avg_monthly_transactions,digital_engagement_score,churned
CUST-00001,30,34,2,0,1,14593.3,13111.94,617,0,15,65.9,0
CUST-00002,43,37,1,0,0,8360.57,0.0,642,1,4,67.8,0
CUST-00003,18,20,1,1,1,10382.62,21099.2,530,0,14,11.5,0
CUST-00004,57,48,2,0,1,10163.04,7560.48,541,1,0,61.4,0
CUST-00005,48,84,2,1,1,6715.44,15148.6,643,0,2,53.0,0
CUST-00006,36,70,1,1,1,17138.86,24501.54,634,0,7,69.1,1
CUST-00007,36,70,1,0,0,9235.42,24936.09,710,0,2,84.5,0
CUST-00008,44,59,2,1,0,16263.69,19330.79,574,1,13,40.9,0
CUST-00009,37,54,1,1,1,12367.25,26545.45,688,2,23,62.3,1
CUST-00010,37,50,1,0,0,10393.22,11730.4,433,0,4,93.7,0
CUST-00011,49,14,2,0,0,2765.04,23349.38,492,0,21,41.1,1
CUST-00012,46,13,1,1,1,9490.82,5425.28,734,0,22,77.9,0
CUST-00013,39,18,1,1,0,3097.13,0.0,771,2,23,87.0,1
CUST-00014,39,76,2,0,1,10558.71,4024.66,676,0,9,41.7,0
CUST-00015,42,28,1,1,1,15396.65,16954.62,546,0,28,65.9,0
CUST-00016,33,67,1,1,1,13883.44,34451.61,555,2,12,49.8,1
CUST-00017,35,12,1,0,0,4864.01,22971.27,624,0,6,56.5,1
CUST-00018,47,39,2,1,1,17745.54,14459.96,698,0,17,100.0,0
CUST-00019,38,18,1,1,1,1500.0,517.98,662,0,16,63.8,0
CUST-00020,24,68,1,0,0,7328.19,14934.58,726,0,13,42.9,0
CUST-00021,34,107,4,1,1,7743.63,33405.76,656,0,12,74.8,0
CUST-00022,48,10,1,1,1,14629.3,1864.83,720,0,21,63.2,0
CUST-00023,37,56,3,1,0,1500.0,0.0,761,0,8,100.0,0
CUST-00024,38,22,2,1,0,12986.56,31123.58,620,0,14,64.5,1
CUST-00025,48,69,2,0,0,9346.72,9577.2,725,2,9,52.0,1
CUST-00026,62,98,3,1,0,14441.65,6784.7,553,0,8,39.9,0
CUST-00027,31,32,1,0,1,12530.47,14525.83,681,1,11,29.0,0
CUST-00028,56,78,2,0,0,9454.63,8891.47,558,0,6,22.8,0
CUST-00029,25,44,1,0,1,5134.84,2217.97,661,0,19,57.5,0
CUST-00030,42,26,4,1,1,9389.25,13500.91,549,1,10,57.6,0
CUST-00031,26,36,1,1,0,14225.77,18233.26,613,0,11,48.3,0
CUST-00032,56,83,3,0,0,4175.13,7424.7,685,0,4,50.4,1
CUST-00033,50,61,2,1,1,6635.47,15029.97,609,0,13,72.6,0
CUST-00034,54,46,2,1,1,9688.19,43186.19,752,0,9,73.8,0
CUST-00035,29,43,2,1,0,19907.87,0.0,733,2,10,60.2,0
CUST-00036,48,29,2,1,1,1500.0,22173.13,657,0,0,58.3,0
CUST-00037,34,68,2,1,0,12089.59,5080.43,638,0,18,57.0,1
CUST-00038,35,114,1,0,0,10248.96,17697.64,684,0,9,28.1,0
CUST-00039,46,43,2,1,0,17505.47,8333.29,641,0,15,58.4,1
CUST-00040,51,16,1,1,1,13377.91,15798.02,613,0,8,28.9,1
CUST-00041,42,60,1,0,1,10727.28,10152.42,608,0,4,59.0,1
CUST-00042,32,65,1,1,1,10370.82,2300.33,538,1,17,38.6,0
CUST-00043,30,81,1,1,1,11248.42,29343.25,629,0,5,55.5,0
CUST-00044,57,11,4,1,1,6874.98,36277.48,722,0,6,49.8,0
CUST-00045,47,57,1,1,0,12886.26,1690.23,737,0,1,18.7,0
CUST-00046,49,22,1,0,0,10931.46,10589.22,661,1,17,62.9,1
CUST-00047,66,90,3,1,1,3206.52,18310.07,682,2,10,68.3,0
CUST-00048,30,71,2,1,1,8152.54,559.45,576,0,14,55.5,0
CUST-00049,71,42,1,0,1,16905.66,10594.48,558,0,15,48.7,0
CUST-00050,78,11,1,1,1,11226.91,26288.85,598,1,10,43.0,1
CUST-00051,59,107,4,1,1,13136.86,20934.97,437,0,9,46.7,0
CUST-00052,50,44,1,1,1,13690.95,7491.76,567,2,16,68.5,0
CUST-00053,32,76,1,1,1,10462.54,17691.88,717,0,18,44.2,0
CUST-00054,52,1,3,1,1,7575.99,13390.09,813,0,8,64.8,0
CUST-00055,35,52,4,0,1,8054.59,10109.89,537,1,0,36.6,0
CUST-00056,40,72,4,0,0,10767.62,15504.34,772,0,12,64.8,0
CUST-00057,37,1,1,1,1,10383.39,36191.72,657,0,8,64.2,1
CUST-00058,43,57,1,0,0,12383.51,4988.97,660,1,16,72.6,1
CUST-00059,55,87,3,1,0,14785.37,18563.85,554,1,21,94.9,0
CUST-00060,33,3,3,1,1,11428.59,22192.92,584,0,8,55.2,0
CUST-00061,28,44,1,1,1,15194.05,21094.12,578,0,13,100.0,0
CUST-00062,28,38,1,1,1,4509.95,21399.22,666,0,10,23.7,0
CUST-00063,28,29,1,1,1,17613.54,7956.02,776,2,15,10.9,1
CUST-00064,23,29,2,1,1,9541.02,14931.06,595,0,23,53.7,0
CUST-00065,29,21,2,0,1,10766.2,15901.65,652,1,10,78.9,1
CUST-00066,56,25,3,0,0,12983.1,20616.9,710,0,10,56.9,0
CUST-00067,33,46,1,1,1,14849.71,25171.55,670,0,13,98.7,0
CUST-00068,43,50,2,1,1,11105.13,26882.68,720,0,13,76.8,0
CUST-00069,25,7,2,1,1,10338.22,25285.83,568,0,16,42.5,0
CUST-00070,42,30,1,1,0,8896.71,7927.5,567,0,7,38.3,1
CUST-00071,19,51,1,1,1,16935.34,0.0,598,0,3,85.1,0
CUST-00072,32,84,2,1,0,8612.33,11351.48,626,0,14,56.0,0
CUST-00073,67,85,4,1,0,9784.44,3904.23,759,0,0,38.1,0
CUST-00074,33,47,4,1,1,3786.49,12542.75,717,1,4,40.2,0
CUST-00075,53,51,1,1,1,8891.31,25879.57,850,1,11,33.0,0
CUST-00076,45,5,2,1,0,15387.14,33379.93,713,0,20,24.9,1
CUST-00077,38,50,3,1,1,8539.19,13225.3,572,0,12,75.2,0
CUST-00078,32,1,1,1,1,10767.21,18710.19,596,0,8,59.6,1
CUST-00079,55,36,2,1,1,8900.77,33159.29,621,0,16,73.6,0
CUST-00080,38,8,3,1,1,9063.81,25361.79,538,0,22,54.9,1
CUST-00081,58,25,2,1,0,10575.77,26644.87,687,1,14,72.2,0
CUST-00082,31,52,2,1,1,4373.33,1799.96,700,1,5,31.8,1
CUST-00083,41,54,2,1,1,10699.12,3532.1,636,0,17,62.9,0
CUST-00084,46,86,1,1,1,19063.98,0.0,750,0,12,51.2,0
CUST-00085,44,55,1,1,0,7839.07,11867.28,594,1,5,30.0,0
CUST-00086,25,32,2,0,0,7334.91,16567.25,591,1,5,48.2,0
CUST-00087,32,67,2,1,0,1500.0,21146.69,696,0,3,51.0,0
CUST-00088,38,1,2,1,0,1500.0,36931.82,680,0,16,7.7,1
CUST-00089,30,99,1,0,1,6713.71,7807.36,768,0,12,84.7,0
CUST-00090,48,1,3,0,1,12340.47,27373.8,782,1,26,75.7,0
CUST-00091,47,68,1,1,1,4892.9,15766.78,755,0,27,52.0,1
CUST-00092,18,64,1,0,1,4775.7,19994.63,642,0,10,40.6,0
CUST-00093,18,30,2,0,1,9548.15,10659.8,602,0,13,78.5,0
CUST-00094,25,34,2,0,0,16583.46,0.0,574,0,16,76.8,0
CUST-00095,41,3,2,1,0,6575.7,8306.3,626,0,9,32.3,0
CUST-00096,64,51,1,1,1,3488.1,49437.97,625,1,11,26.6,1
CUST-00097,35,64,1,1,1,11119.63,8861.55,717,1,15,80.8,0
CUST-00098,43,31,3,1,0,6922.62,35226.94,747,0,4,67.9,0
CUST-00099,27,60,1,1,1,13966.15,22088.02,589,1,6,72.5,0
CUST-00100,27,68,1,1,1,13114.84,0.0,708,0,14,28.0,0
CUST-00101,18,24,1,1,0,7739.54,21922.4,638,0,18,51.6,0
CUST-00102,40,73,1,1,0,15913.96,4228.44,712,0,11,89.1,0
CUST-00103,51,61,2,1,0,18118.98,4665.23,589,0,11,61.0,0
CUST-00104,36,50,2,1,0,11499.46,27025.58,659,0,7,47.9,0
CUST-00105,57,71,2,1,0,1500.0,15446.2,808,0,16,62.1,1
CUST-00106,42,57,2,0,1,3461.54,5964.34,594,1,9,51.6,0
CUST-00107,40,26,2,1,0,11801.4,3575.36,574,0,6,78.2,0
CUST-00108,46,28,2,1,1,17524.03,27873.52,667,0,17,0.0,1
CUST-00109,46,54,1,1,0,8354.21,6317.94,627,0,8,79.4,0
CUST-00110,54,81,2,1,0,8347.54,10387.83,701,1,11,79.9,0
CUST-00111,30,53,3,1,0,14295.52,36701.59,684,0,0,52.8,1
CUST-00112,18,36,1,1,0,14966.05,16563.57,672,0,19,43.2,0
CUST-00113,41,49,1,1,0,12681.27,9525.38,502,1,14,84.1,0
CUST-00114,33,12,1,1,1,12193.02,12405.35,644,0,19,60.1,1
CUST-00115,40,82,1,1,1,9747.11,0.0,764,0,20,56.0,0
CUST-00116,60,90,1,0,1,2380.74,16636.94,732,0,10,37.4,0
CUST-00117,27,98,1,1,1,8393.06,9900.22,646,0,3,1.3,1
CUST-00118,49,74,1,1,1,14120.19,16926.7,834,1,8,25.3,0
CUST-00119,51,27,1,0,1,18116.09,0.0,603,1,14,27.2,0
CUST-00120,46,44,2,0,1,3657.56,18819.64,576,0,8,48.4,0
CUST-00121,53,35,1,0,0,4091.91,0.0,563,0,9,47.6,0
CUST-00122,34,60,2,1,1,13470.52,3287.38,598,0,14,21.4,1
CUST-00123,32,88,1,0,1,10110.6,28037.64,722,0,18,47.0,0
CUST-00124,52,1,1,0,0,5363.59,5450.97,757,0,13,67.0,0
CUST-00125,49,60,1,0,1,18319.66,24945.77,577,0,2,45.3,0
CUST-00126,57,55,1,1,0,5006.1,588.1,676,1,10,52.7,0
CUST-00127,43,56,2,0,1,11431.25,0.0,705,0,9,67.8,0
CUST-00128,59,67,1,1,0,12344.48,3259.05,565,0,13,67.4,0
CUST-00129,37,21,2,0,0,15603.62,9141.43,547,1,12,52.4,1
CUST-00130,27,75,1,1,0,6671.9,13352.56,634,0,5,16.1,0
CUST-00131,18,57,2,1,0,9193.11,8543.51,636,0,17,69.9,0
CUST-00132,27,41,1,0,1,10328.97,18113.85,713,0,0,48.2,0
CUST-00133,50,48,2,1,0,3112.06,14899.41,619,0,21,33.2,0
CUST-00134,22,34,1,1,1,8926.57,0.0,704,1,16,46.9,1
CUST-00135,35,50,2,1,1,8758.82,30213.17,543,1,23,55.0,0
CUST-00136,65,65,1,0,0,14932.36,32293.08,630,0,13,48.6,0
CUST-00137,50,9,2,1,0,12851.14,19730.59,686,0,21,43.4,1
CUST-00138,61,37,1,0,0,8293.13,3994.92,553,1,13,34.6,1
CUST-00139,28,33,2,0,1,7881.56,12982.76,482,0,16,25.5,0
CUST-00140,18,46,1,1,1,8700.65,6132.59,575,0,2,74.9,0
CUST-00141,58,39,1,0,0,3640.03,5827.7,661,0,2,69.3,1
CUST-00142,23,1,1,1,0,7102.68,25527.05,674,0,9,62.4,0
CUST-00143,41,61,1,1,0,14601.64,11277.71,641,0,11,58.1,0
CUST-00144,43,83,2,0,0,11691.44,16026.03,768,0,8,47.9,0
CUST-00145,29,26,2,1,0,12317.02,24245.56,769,1,17,58.7,1
CUST-00146,59,52,1,0,0,5396.41,11273.78,645,0,6,42.6,1
CUST-00147,59,27,2,1,1,12025.51,19168.04,648,0,19,40.4,1
CUST-00148,47,53,1,0,0,9587.14,28945.19,485,0,10,47.1,1
CUST-00149,40,41,3,1,1,8414.52,14744.45,637,2,3,82.6,0
CUST-00150,42,80,1,1,1,10757.93,26375.5,683,0,6,53.2,0
CUST-00151,27,31,2,0,0,9074.13,24270.96,728,0,15,36.5,0
CUST-00152,37,66,2,1,1,6597.86,39832.12,541,0,14,60.4,0
CUST-00153,39,26,1,1,1,18789.09,8084.56,791,1,18,20.2,1
CUST-00154,30,31,2,1,0,7937.81,14623.88,771,1,10,62.1,0
CUST-00155,50,51,2,1,1,11552.89,0.0,680,0,14,40.5,0
CUST-00156,23,1,3,0,1,1500.0,13469.0,649,0,3,44.6,0
CUST-00157,35,21,2,1,1,17658.53,26924.95,615,0,21,36.3,1
CUST-00158,18,72,2,0,1,8064.1,19706.75,735,1,4,26.9,0
CUST-00159,46,27,2,1,1,2504.29,20264.92,713,0,2,65.9,0
CUST-00160,49,7,1,0,0,5133.62,21995.21,647,0,12,50.3,0
CUST-00161,47,4,1,1,1,8281.27,21294.97,608,0,4,81.2,0
CUST-00162,75,50,1,1,0,10206.99,31675.41,624,0,17,27.7,1
CUST-00163,51,31,2,1,1,8716.31,3237.5,761,0,15,55.8,0
CUST-00164,29,49,3,1,0,7656.22,20578.68,720,0,16,50.7,1
CUST-00165,72,1,1,1,1,9034.17,20861.97,703,0,11,60.5,0
CUST-00166,29,23,2,1,0,17726.88,6256.04,614,0,9,45.6,1
CUST-00167,49,24,1,1,1,10680.15,22789.05,624,0,9,79.1,0
CUST-00168,49,69,2,1,1,5056.35,1870.61,686,0,9,40.7,0
CUST-00169,29,73,2,0,1,3720.18,0.0,627,0,11,14.4,0
CUST-00170,57,66,2,0,0,13141.8,0.0,628,0,7,72.8,0
CUST-00171,44,1,3,0,1,7866.48,8718.64,538,2,19,74.9,0
CUST-00172,47,72,1,1,1,9936.85,17898.52,529,0,11,56.1,0
CUST-00173,32,82,1,0,0,9477.09,24847.48,718,1,15,25.4,1
CUST-00174,56,23,3,1,0,10351.66,569.4,677,0,8,84.0,0
CUST-00175,30,55,1,1,1,12174.39,35201.38,787,1,11,24.3,0
CUST-00176,19,59,3,1,1,15625.05,0.0,587,0,10,58.6,0
CUST-00177,57,34,1,1,1,15202.1,49382.37,567,2,0,67.0,1
CUST-00178,35,50,2,1,0,12480.89,11991.43,609,0,5,59.6,1
CUST-00179,41,22,2,1,0,9720.17,0.0,635,1,0,69.8,0
CUST-00180,63,51,1,1,1,14603.25,26145.89,686,1,3,56.0,1
CUST-00181,54,43,2,1,0,10731.11,826.55,664,0,9,67.7,0
CUST-00182,48,54,1,1,1,11560.48,41963.55,515,0,22,58.7,0
CUST-00183,53,103,1,1,1,6495.99,10899.75,667,0,13,68.4,0
CUST-00184,31,15,2,0,0,10025.6,2854.42,714,0,2,6.4,1
CUST-00185,49,82,1,0,1,9085.85,0.0,657,1,12,33.7,0
CUST-00186,53,49,2,1,1,23460.72,21119.17,683,0,11,64.3,0
CUST-00187,49,47,2,1,1,6480.31,13715.71,702,1,9,77.8,1
CUST-00188,38,1,3,0,0,6437.24,0.0,628,0,9,58.1,0
CUST-00189,18,76,2,0,0,1500.0,19969.98,689,1,6,72.1,0
CUST-00190,47,12,1,1,1,11097.82,0.0,649,1,20,70.5,1
CUST-00191,41,19,3,1,1,8033.68,6984.51,651,0,14,47.0,0
CUST-00192,36,39,1,1,1,12330.96,11218.76,790,1,3,84.4,0
CUST-00193,49,37,3,1,1,9591.78,19824.84,664,0,20,69.8,1
CUST-00194,43,21,1,1,0,13287.2,20101.68,560,0,8,43.8,1
CUST-00195,42,90,2,0,0,1500.0,27609.84,581,1,7,41.9,0
CUST-00196,22,67,2,1,0,10740.95,22367.54,612,0,6,31.2,0
CUST-00197,22,119,2,1,0,14055.13,40905.73,663,0,16,53.1,0
CUST-00198,44,25,2,0,1,7507.97,9901.76,625,0,8,47.8,0
CUST-00199,41,23,1,1,1,11477.13,11909.76,728,0,6,61.5,1
CUST-00200,42,106,1,1,1,10572.51,20841.0,780,1,25,91.9,0
CUST-00201,42,9,2,1,0,12225.17,18801.36,787,1,7,22.2,1
CUST-00202,45,56,1,1,1,7146.27,28671.81,586,0,1,55.9,0
CUST-00203,40,38,1,0,1,9481.88,22122.54,667,0,20,33.8,0
CUST-00204,42,40,1,1,1,1500.0,19971.71,749,0,15,38.2,1
CUST-00205,43,5,3,0,1,5277.61,14503.03,713,0,10,55.0,0
CUST-00206,51,27,1,0,0,13771.06,7117.58,675,1,17,69.9,1
CUST-00207,34,107,1,1,1,5137.91,17622.4,471,0,18,87.5,0
CUST-00208,49,53,2,0,0,19152.34,34540.72,648,0,11,58.9,1
CUST-00209,48,93,3,1,1,10472.65,10176.86,822,0,13,58.8,0
CUST-00210,41,29,3,1,1,7516.33,28352.93,713,0,1,62.9,0
CUST-00211,34,52,2,1,1,14281.78,28128.78,664,0,17,44.5,0
CUST-00212,44,68,3,0,0,6528.78,0.0,607,0,16,67.3,0
CUST-00213,50,67,1,1,0,7526.24,13897.75,646,0,10,77.3,0
CUST-00214,27,42,1,1,1,11353.6,142.92,609,0,13,60.6,0
CUST-00215,41,50,2,1,1,5852.78,36280.35,802,0,3,51.0,0
CUST-00216,41,81,1,0,1,4704.11,31039.26,618,0,17,54.8,1
CUST-00217,32,58,2,1,1,10014.1,41106.79,492,0,6,64.7,0
CUST-00218,33,1,4,1,1,15017.29,25097.07,549,0,18,37.8,1
CUST-00219,21,30,2,0,0,7499.53,26522.0,484,1,8,41.5,0
CUST-00220,27,15,1,0,0,7204.52,26097.25,471,0,10,43.0,0
CUST-00221,22,1,2,1,1,7602.99,4319.91,585,2,17,42.8,1
CUST-00222,33,72,2,1,1,14553.42,11988.69,603,1,10,58.0,0
CUST-00223,33,80,2,1,1,11827.82,18578.3,622,1,16,65.5,0
CUST-00224,34,25,2,0,0,8737.98,9589.0,632,0,11,59.7,1
CUST-00225,44,39,1,1,1,14247.79,0.0,651,0,15,49.5,0
CUST-00226,38,108,1,1,1,13103.03,17448.02,737,0,9,49.5,0
CUST-00227,31,44,2,1,1,3846.66,25959.64,746,0,6,39.7,0
CUST-00228,31,46,1,1,1,10860.44,17404.52,680,0,6,79.8,1
CUST-00229,26,58,2,0,0,9627.06,44903.43,633,0,15,48.9,0
CUST-00230,38,87,3,1,0,2053.84,25042.39,757,0,5,31.1,0
CUST-00231,37,63,1,1,1,3126.71,25560.23,621,0,17,100.0,1
CUST-00232,59,80,2,1,1,20263.26,28550.3,798,0,1,51.7,0
CUST-00233,58,19,2,1,1,11294.6,35106.09,734,0,19,69.1,0
CUST-00234,58,74,2,1,1,12365.8,4903.65,698,0,13,48.0,0
CUST-00235,65,46,1,1,1,11152.47,20630.98,507,0,12,70.1,0
CUST-00236,25,24,1,0,0,12340.83,9260.49,598,1,2,67.6,0
CUST-00237,48,65,1,0,0,8946.54,0.0,577,0,8,60.0,1
CUST-00238,49,125,3,0,0,12127.86,16260.26,537,1,9,29.9,1
CUST-00239,46,55,1,1,1,8324.87,25615.55,605,0,15,60.8,0
CUST-00240,66,79,1,1,0,9255.46,40904.19,650,0,7,62.8,0
CUST-00241,70,41,1,1,1,10363.69,18563.29,656,0,5,64.4,0
CUST-00242,52,2,1,1,1,12818.96,18337.65,694,0,16,43.8,0
CUST-00243,48,65,1,1,0,5963.49,20567.05,638,1,13,67.9,0
CUST-00244,27,18,2,1,0,1500.0,17673.29,587,0,7,62.2,0
CUST-00245,27,42,2,1,1,10789.98,3431.14,680,0,2,50.3,0
CUST-00246,48,107,1,0,0,13107.8,25126.53,598,0,17,99.2,0
CUST-00247,39,1,1,1,1,7184.56,17472.07,659,1,2,67.7,0
CUST-00248,24,59,1,1,0,5192.16,17048.68,539,0,16,62.2,0
CUST-00249,39,64,2,1,1,10762.6,7332.07,746,0,15,32.0,0
CUST-00250,44,58,1,1,1,2612.39,38557.32,725,2,18,81.3,0
CUST-00251,51,31,1,0,1,11880.1,13889.13,597,0,17,53.1,1
CUST-00252,39,54,2,1,0,17477.71,18350.11,614,0,12,43.4,0
CUST-00253,37,20,2,0,1,5192.06,4061.75,708,2,10,69.5,0
CUST-00254,40,95,2,1,1,6886.87,175.83,715,0,10,35.3,0
CUST-00255,42,53,2,1,1,9920.84,11504.77,578,0,13,38.4,0
CUST-00256,26,88,2,0,1,7727.95,36669.19,646,0,9,48.7,0
CUST-00257,50,40,2,1,0,3798.53,0.0,784,0,10,78.9,0
CUST-00258,66,75,1,0,1,1500.0,14325.24,640,0,17,45.8,0
CUST-00259,50,69,1,1,1,8751.57,9731.18,597,0,27,66.7,1
CUST-00260,23,14,2,1,0,16112.53,3862.74,609,0,12,72.6,0
CUST-00261,41,96,1,1,0,15979.29,12825.98,701,0,13,10.8,1
CUST-00262,19,130,1,1,1,11945.29,19440.87,648,1,10,41.3,0
CUST-00263,18,81,1,0,1,1500.0,16269.46,556,0,12,46.3,0
CUST-00264,48,8,2,1,1,1500.0,24866.58,747,0,6,63.2,1
CUST-00265,41,24,1,1,1,11359.74,20793.8,668,0,9,42.0,0
CUST-00266,32,1,1,1,1,5635.79,30264.0,577,0,20,59.8,0
CUST-00267,18,24,2,0,1,7655.9,0.0,559,0,10,56.7,0
CUST-00268,25,102,1,0,1,10879.26,42971.83,552,1,12,46.9,0
CUST-00269,42,80,1,0,1,13989.98,22964.83,763,1,17,59.4,0
CUST-00270,40,20,2,1,1,6610.5,0.0,580,1,10,54.4,0
CUST-00271,48,11,2,1,0,12599.95,31666.94,737,0,4,55.8,1
CUST-00272,58,29,1,1,1,1810.83,27038.34,693,0,14,94.9,0
CUST-00273,36,81,1,0,0,10331.13,7554.21,639,0,8,82.8,0
CUST-00274,46,64,1,1,1,11138.86,10795.93,623,0,15,37.0,1
CUST-00275,38,94,2,1,0,9013.55,0.0,678,0,14,56.4,0
CUST-00276,34,29,1,1,0,11526.68,15160.22,651,0,8,60.7,1
CUST-00277,37,52,2,0,0,5632.05,20539.26,574,0,12,50.0,0
CUST-00278,52,27,1,0,1,10647.19,5192.01,577,1,6,36.7,1
CUST-00279,28,43,3,1,1,6196.75,8452.34,707,1,3,0.0,1
CUST-00280,54,39,1,0,1,4885.96,0.0,564,0,4,57.3,0
CUST-00281,58,40,2,0,1,2749.69,6366.98,733,1,7,44.9,0
CUST-00282,40,66,2,1,1,11688.8,0.0,601,0,15,51.3,0
CUST-00283,43,35,3,0,0,8621.06,23336.85,640,0,19,54.6,0
CUST-00284,23,45,1,1,1,8588.59,11352.74,692,0,9,52.4,0
CUST-00285,68,22,1,1,0,3314.99,11273.93,752,0,15,53.9,1
CUST-00286,52,85,3,1,0,10755.09,14120.01,720,0,7,44.6,0
CUST-00287,42,101,1,1,1,12747.3,9209.12,594,0,13,37.2,0
CUST-00288,41,108,1,1,1,11022.23,17584.7,722,2,15,69.4,0
CUST-00289,45,73,2,1,0,13997.72,14581.71,673,0,21,78.5,0
CUST-00290,32,48,1,1,1,8986.26,44.4,596,1,24,57.3,0
CUST-00291,43,21,1,0,1,6763.1,9535.39,778,1,7,42.6,1
CUST-00292,29,17,2,1,1,9140.23,30564.54,688,1,23,49.5,1
CUST-00293,46,47,2,1,0,14245.05,23317.32,746,2,9,48.4,1
CUST-00294,32,12,2,1,0,8780.37,6451.37,647,0,8,21.3,0
CUST-00295,51,72,3,0,1,1500.0,31364.65,619,0,13,57.2,0
CUST-00296,39,57,3,1,0,11406.37,0.0,557,0,10,23.6,1
CUST-00297,43,9,1,1,1,8985.81,9502.34,664,0,3,69.1,0
CUST-00298,76,43,2,1,1,9910.54,20043.28,522,0,15,65.8,1
CUST-00299,50,75,1,1,1,14726.45,25641.46,664,0,9,52.1,0
CUST-00300,43,84,2,0,0,8456.2,29814.87,571,0,7,59.9,0
CUST-00301,41,56,1,1,1,6609.43,7779.72,678,0,5,60.8,1
CUST-00302,28,68,3,1,1,4471.75,12304.46,659,0,11,49.0,0
CUST-00303,53,59,1,1,0,13038.71,28709.97,526,1,11,94.6,1
CUST-00304,59,36,1,1,1,17998.84,8391.71,594,0,12,33.4,0
CUST-00305,41,54,3,1,1,9766.57,0.0,672,0,18,65.2,1
CUST-00306,60,53,2,0,1,1500.0,35952.11,663,0,15,89.5,1
CUST-00307,39,32,2,1,0,12631.41,566.48,724,1,17,54.7,0
CUST-00308,19,57,3,1,1,6695.83,14365.17,650,0,10,86.8,1
CUST-00309,32,49,1,0,0,10070.62,7024.29,616,0,13,54.6,0
CUST-00310,27,61,2,1,0,1500.0,11952.29,713,0,2,49.2,0
CUST-00311,37,50,3,1,1,9622.93,0.0,702,0,17,64.8,1
CUST-00312,48,49,1,1,0,3435.27,29066.53,759,0,15,58.4,1
CUST-00313,29,1,2,1,1,18351.09,16502.8,667,1,9,61.0,1
CUST-00314,39,120,1,1,1,2843.8,2401.96,633,1,21,68.3,0
CUST-00315,42,71,2,1,1,10941.39,17193.84,632,0,18,56.6,0
CUST-00316,31,63,1,1,0,11209.18,16267.38,551,2,20,45.8,1
CUST-00317,29,102,1,0,0,8788.47,8868.96,749,0,2,54.3,0
CUST-00318,41,80,1,1,1,8892.67,4922.38,594,1,8,65.4,0
CUST-00319,50,64,2,1,1,10653.1,14215.52,850,1,23,12.9,0
CUST-00320,33,70,1,1,0,12293.81,0.0,620,0,12,32.2,0
CUST-00321,31,100,1,1,1,16195.47,4848.42,647,0,4,48.0,0
CUST-00322,38,58,1,1,0,13681.2,14540.05,748,0,8,59.2,1
CUST-00323,43,10,1,1,1,6451.13,18186.45,812,1,1,54.9,0
CUST-00324,33,5,2,1,0,9409.51,13215.14,688,0,12,16.8,1
CUST-00325,36,91,3,0,0,13338.83,26875.21,688,0,8,52.1,0
CUST-00326,37,44,2,1,0,4978.08,29625.21,671,0,3,84.8,0
CUST-00327,27,66,3,0,0,7174.74,12052.51,703,1,6,83.3,1
CUST-00328,38,47,1,1,1,11558.54,17618.13,597,0,13,53.3,0
CUST-00329,33,63,2,1,0,16958.64,13330.54,554,0,18,54.5,0
CUST-00330,59,25,4,1,1,11897.48,81.47,616,0,14,39.3,0
CUST-00331,34,64,4,0,1,1551.76,10945.33,679,0,15,60.8,0
CUST-00332,45,1,1,0,1,3891.38,0.0,576,1,10,36.0,1
CUST-00333,45,42,1,1,0,12688.28,18861.67,629,0,9,29.0,1
CUST-00334,27,9,1,1,1,3281.29,34124.46,738,0,12,58.8,0
CUST-00335,25,50,1,1,1,8901.81,22028.16,623,0,14,20.2,0
CUST-00336,35,53,4,1,1,1500.0,13260.89,628,1,18,31.2,0
CUST-00337,48,45,1,0,0,9017.37,0.0,625,0,13,50.6,0
CUST-00338,33,54,2,0,1,2483.4,24188.71,657,0,11,78.6,0
CUST-00339,32,1,4,1,1,12168.47,0.0,540,0,8,75.0,0
CUST-00340,18,17,4,0,0,5959.83,20293.75,636,0,11,66.5,0
CUST-00341,35,43,2,1,1,9457.29,13159.32,583,0,9,79.9,0
CUST-00342,44,61,1,1,0,18959.73,5139.56,581,0,11,27.7,0
CUST-00343,45,57,2,1,1,16195.72,14574.3,518,1,7,77.7,0
CUST-00344,45,1,1,0,0,6420.15,14323.81,687,0,8,28.2,1
CUST-00345,36,88,1,1,0,12101.74,12327.03,564,0,11,78.8,0
CUST-00346,37,46,2,1,1,14326.33,5317.03,627,0,11,60.3,0
CUST-00347,50,97,1,1,1,9739.95,16947.96,769,0,11,54.4,0
CUST-00348,38,69,1,1,0,5491.22,0.0,651,1,22,50.5,0
CUST-00349,18,84,3,1,1,8554.03,25392.7,730,0,9,63.2,0
CUST-00350,52,65,1,1,1,13647.3,9010.61,604,0,16,56.1,1
CUST-00351,27,35,2,1,1,12881.36,12669.62,652,0,15,64.5,0
CUST-00352,57,41,1,1,0,9391.32,0.0,670,0,18,58.0,0
CUST-00353,60,75,2,1,1,11401.76,18531.82,678,3,12,55.2,1
CUST-00354,49,38,1,1,1,15505.48,10515.91,660,0,4,74.3,0
CUST-00355,51,1,2,0,1,1500.0,34865.13,641,0,18,31.9,1
CUST-00356,62,49,2,1,1,12535.96,14223.46,610,0,16,38.1,0
CUST-00357,27,56,3,1,1,10111.28,13982.64,553,0,32,51.2,0
CUST-00358,43,62,1,1,1,1500.0,8935.24,646,1,16,80.3,0
CUST-00359,43,70,2,1,1,18746.79,4437.22,717,0,21,36.0,0
CUST-00360,28,109,2,1,1,12753.93,17167.09,536,0,5,60.1,0
CUST-00361,64,4,2,1,1,11242.0,11356.59,475,0,5,60.5,1
CUST-00362,33,102,3,0,0,9803.93,3455.61,598,1,21,51.2,0
CUST-00363,31,70,2,1,1,7678.82,26605.83,581,1,16,28.6,1
CUST-00364,43,48,2,1,1,13068.26,8864.92,645,0,14,43.9,1
CUST-00365,52,8,1,1,1,8959.31,47747.05,725,0,7,30.4,0
CUST-00366,33,51,2,1,0,3028.32,29771.59,594,0,7,67.1,0
CUST-00367,33,67,4,1,1,13911.85,15192.62,703,2,8,79.7,0
CUST-00368,46,47,3,1,0,11989.76,29860.77,620,0,10,48.2,0
CUST-00369,23,35,1,1,1,2248.01,4025.78,588,0,11,53.6,0
CUST-00370,31,31,2,1,1,12824.91,11228.71,670,0,4,47.1,0
CUST-00371,30,25,3,1,0,8842.93,4724.23,649,0,10,39.8,1
CUST-00372,35,68,3,1,1,1500.0,8790.76,639,0,11,75.4,0
CUST-00373,38,66,1,1,0,7900.22,25345.78,587,0,16,75.8,0
CUST-00374,62,77,1,1,0,11441.28,5377.91,750,0,14,54.1,0
CUST-00375,51,25,2,0,1,11852.05,11806.99,691,0,8,45.9,1
CUST-00376,40,88,3,1,0,19304.83,20139.57,757,1,14,19.1,1
CUST-00377,37,123,1,1,1,9479.66,0.0,607,0,1,62.2,0
CUST-00378,50,51,2,1,0,4022.43,9759.6,781,0,11,42.4,1
CUST-00379,45,83,3,1,1,3324.62,14452.6,643,1,24,95.1,0
CUST-00380,51,9,2,1,1,7098.45,28084.85,677,1,3,70.8,0
CUST-00381,57,120,1,1,1,10191.15,22365.71,522,0,17,23.9,0
CUST-00382,28,67,1,1,0,1500.0,5556.07,743,0,12,75.1,0
CUST-00383,18,85,1,1,0,11868.52,34391.56,624,0,14,32.4,1
CUST-00384,40,57,3,0,0,5964.06,28027.95,706,0,14,49.7,0
CUST-00385,41,1,2,1,1,8460.9,14006.53,482,1,8,22.7,0
CUST-00386,43,63,2,1,1,7130.28,81.33,628,0,17,68.1,1
CUST-00387,33,48,1,1,0,4815.39,1527.76,627,0,12,86.6,0
CUST-00388,37,76,2,1,1,4696.25,21932.94,713,1,12,53.1,0
CUST-00389,47,23,1,1,1,9747.83,0.0,742,0,20,92.6,1
CUST-00390,47,1,2,0,0,6390.73,31630.17,648,0,22,41.6,1
CUST-00391,56,46,1,0,1,11424.01,0.0,713,0,21,54.0,1
CUST-00392,18,38,3,1,0,9872.26,10364.67,719,1,11,30.5,1
CUST-00393,20,70,2,0,0,11701.25,6001.46,724,1,26,39.2,0
CUST-00394,58,22,1,1,1,2395.1,8821.71,800,1,13,71.1,1
CUST-00395,47,37,2,0,0,3425.67,4282.86,770,1,5,79.8,0
CUST-00396,50,37,1,1,0,12042.53,1053.41,626,0,11,43.0,0
CUST-00397,37,26,1,1,1,6594.51,25566.45,698,0,9,13.5,0
CUST-00398,34,65,2,1,1,16133.8,0.0,578,1,15,89.7,0
CUST-00399,42,40,1,1,0,7046.78,32759.33,541,0,10,66.7,0
CUST-00400,29,33,1,1,0,6430.93,3898.65,688,0,15,73.6,1
CUST-00401,22,28,1,1,0,5394.88,12893.64,759,1,17,56.4,0
CUST-00402,27,39,3,1,0,11885.12,27934.25,692,0,0,69.9,1
CUST-00403,41,94,1,1,0,4760.14,30841.25,562,1,14,57.6,0
CUST-00404,48,41,1,1,0,1848.23,31095.37,665,0,16,62.8,0
CUST-00405,60,28,2,0,1,3123.62,11869.21,598,1,17,56.8,1
CUST-00406,44,51,1,1,0,15266.3,31181.33,560,0,16,50.9,0
CUST-00407,46,72,2,0,1,17767.81,8800.49,585,0,7,46.8,0
CUST-00408,60,48,1,1,0,9501.5,0.0,715,1,12,80.5,0
CUST-00409,31,61,1,1,0,3663.82,15198.75,651,2,19,69.2,1
CUST-00410,28,67,1,0,1,5920.24,0.0,587,0,5,66.8,0
CUST-00411,34,71,3,1,1,10371.21,23733.05,814,2,13,34.5,0
CUST-00412,39,55,3,1,1,12308.43,18001.26,597,0,25,36.2,0
CUST-00413,64,7,1,0,0,12017.22,10612.12,713,1,18,65.4,1
CUST-00414,36,45,3,0,1,9529.5,0.0,716,0,10,40.2,0
CUST-00415,56,29,3,1,1,10049.08,19728.67,593,0,11,41.8,1
CUST-00416,34,70,1,1,1,11877.2,11556.44,535,0,9,38.2,0
CUST-00417,46,87,3,0,1,11211.57,0.0,608,0,22,90.5,0
CUST-00418,48,37,2,0,0,2726.4,3830.63,680,1,9,48.5,1
CUST-00419,46,70,1,1,1,10273.81,20877.15,604,0,15,72.1,0
CUST-00420,49,59,1,1,0,13748.13,22778.46,687,1,4,36.0,1
CUST-00421,32,41,2,0,0,14230.93,0.0,686,1,13,100.0,1
CUST-00422,57,90,1,1,0,14621.42,38501.49,804,0,17,54.1,0
CUST-00423,52,34,1,1,1,10297.6,0.0,616,0,10,62.7,0
CUST-00424,32,28,2,1,1,15989.94,4861.56,624,0,7,69.0,0
CUST-00425,46,22,1,1,1,5184.05,0.0,678,0,8,63.0,0
CUST-00426,27,80,3,1,0,4916.75,28397.85,631,1,19,52.0,0
CUST-00427,41,26,1,0,1,13490.11,10077.32,575,0,14,38.7,0
CUST-00428,26,26,1,1,1,11826.05,8493.94,661,0,4,52.3,1
CUST-00429,49,80,3,1,1,10559.37,8936.93,606,0,14,70.4,0
CUST-00430,76,59,1,0,1,11494.07,12010.47,651,0,22,65.9,0
CUST-00431,58,43,2,1,1,10105.33,2946.59,671,0,28,53.9,0
CUST-00432,49,23,2,1,1,13485.81,1699.06,639,0,18,58.0,0
CUST-00433,29,55,2,0,1,5559.2,0.0,648,0,18,68.1,1
CUST-00434,45,16,2,1,1,8186.36,3107.92,611,0,14,53.7,1
CUST-00435,54,54,3,0,0,4852.59,28226.9,624,0,20,35.1,0
CUST-00436,39,52,3,1,0,15182.78,32791.11,663,1,18,72.9,0
CUST-00437,42,46,2,0,1,9515.27,18754.67,725,0,13,66.7,0
CUST-00438,20,54,3,1,0,11806.75,0.0,673,0,6,34.0,0
CUST-00439,30,66,3,1,0,10740.42,12698.9,649,0,15,52.6,0
CUST-00440,18,1,3,1,0,11020.57,0.0,581,0,13,38.2,0
CUST-00441,63,17,2,1,0,9682.82,13327.78,569,0,10,26.6,0
CUST-00442,46,70,1,1,0,9041.66,12973.33,602,0,12,43.6,0
CUST-00443,49,43,1,0,0,8635.68,29976.38,578,0,15,57.6,0
CUST-00444,38,73,1,0,1,11169.57,903.88,589,0,17,54.2,1
CUST-00445,22,99,1,0,0,18407.34,17676.67,589,0,13,85.1,0
CUST-00446,42,94,2,1,1,13754.47,26680.09,581,1,11,55.1,0
CUST-00447,32,78,1,0,0,7213.65,17023.13,675,0,3,50.4,0
CUST-00448,28,51,1,1,1,6289.93,17796.06,635,0,14,55.5,1
CUST-00449,41,84,1,1,0,7355.03,0.0,696,1,9,59.1,1
CUST-00450,41,30,2,0,0,13494.86,12914.21,713,0,18,62.4,0
CUST-00451,38,54,1,1,0,9904.4,33282.24,598,0,23,63.9,0
CUST-00452,31,41,2,1,0,2268.75,0.0,751,0,13,31.5,1
CUST-00453,28,34,1,1,1,13079.89,4769.74,653,1,6,45.7,1
CUST-00454,40,26,4,0,1,2266.45,8591.27,721,0,10,37.0,1
CUST-00455,55,61,1,1,0,17981.09,17238.87,689,0,13,57.1,1
CUST-00456,21,3,1,1,0,7646.5,5706.92,657,0,23,27.6,1
CUST-00457,32,1,1,1,1,5869.65,21707.76,655,0,3,25.5,1
CUST-00458,38,78,1,1,1,2359.37,8295.3,736,1,7,41.7,0
CUST-00459,38,60,2,1,0,15068.26,7850.57,773,0,7,63.7,1
CUST-00460,33,73,1,0,0,19156.62,14321.24,632,0,11,53.5,0
CUST-00461,63,45,3,1,0,8745.41,13649.98,602,1,16,92.0,0
CUST-00462,45,62,1,0,1,9561.7,15167.47,642,3,10,92.5,0
CUST-00463,28,34,2,1,0,11168.7,17497.18,526,0,11,69.3,0
CUST-00464,18,33,1,0,1,4544.91,42198.03,628,0,18,59.2,0
CUST-00465,38,15,1,1,1,10924.74,11602.93,770,0,5,40.9,0
CUST-00466,58,102,3,1,0,18366.31,4291.4,674,1,10,57.9,0
CUST-00467,42,20,1,0,1,10243.05,34583.34,628,0,17,60.8,1
CUST-00468,18,95,3,0,0,12067.47,0.0,637,1,22,4.2,1
CUST-00469,23,12,2,1,1,5736.7,27941.7,629,0,16,30.6,0
CUST-00470,41,21,2,0,0,1500.0,19690.93,650,0,0,4.2,0
CUST-00471,53,84,1,1,1,3447.24,32979.45,757,0,4,53.0,0
CUST-00472,42,65,2,1,0,12347.56,26111.43,672,0,13,78.2,0
CUST-00473,42,60,2,0,0,18818.09,23544.12,687,0,17,98.4,0
CUST-00474,53,21,1,1,1,11140.14,19392.74,557,0,14,9.7,0
CUST-00475,55,77,4,1,0,4831.17,5308.14,552,0,8,61.4,1
CUST-00476,32,23,2,1,1,6908.65,0.0,614,0,8,64.4,0
CUST-00477,45,57,3,0,0,10964.12,7610.12,722,4,7,19.6,1
CUST-00478,29,27,1,1,1,10536.71,7924.69,662,0,17,33.0,0
CUST-00479,27,94,2,1,1,8061.55,28501.47,691,0,4,8.9,0
CUST-00480,47,60,2,1,0,11191.31,3713.95,629,1,16,51.7,1
CUST-00481,23,88,1,1,0,11218.57,17465.83,713,0,8,44.4,0
CUST-00482,42,44,1,0,1,4388.54,0.0,676,0,6,61.8,1
CUST-00483,44,27,1,1,1,12146.81,21102.95,793,0,10,59.2,0
CUST-00484,50,7,3,1,0,7481.64,21784.62,724,0,17,55.6,1
CUST-00485,26,56,1,0,0,9626.47,7604.62,633,0,17,36.5,1
CUST-00486,45,84,1,0,1,8056.95,23157.35,662,1,6,64.5,0
CUST-00487,38,64,1,1,1,12380.34,2404.29,716,0,8,78.5,0
CUST-00488,58,27,1,0,0,3769.37,15356.6,712,1,13,88.9,0
CUST-00489,31,35,1,0,0,6392.03,7048.97,630,0,17,44.3,0
CUST-00490,27,35,1,0,0,5820.94,14092.89,696,1,15,54.8,1
CUST-00491,46,47,1,0,1,8667.75,9185.61,731,1,12,57.4,1
CUST-00492,30,69,2,1,0,3908.97,5654.09,705,0,9,78.2,0
CUST-00493,24,52,3,1,1,15181.09,25902.45,590,0,7,60.9,0
CUST-00494,51,69,4,0,1,13042.52,20533.02,585,0,16,49.7,0
CUST-00495,45,61,1,1,1,12365.23,25294.79,645,1,15,80.5,0
CUST-00496,18,18,2,1,0,10084.91,9474.56,561,0,10,83.9,1
CUST-00497,29,51,2,1,0,20278.93,13457.53,718,0,6,27.0,0
CUST-00498,27,18,1,0,0,12028.61,525.89,694,0,17,71.8,1
CUST-00499,48,51,3,1,1,5806.11,5034.05,804,0,13,40.9,0
CUST-00500,58,61,3,1,0,7243.65,25259.14,589,0,10,51.7,0
CUST-00501,65,25,1,1,1,1500.0,5061.18,643,1,18,42.8,1
CUST-00502,48,9,4,1,0,7968.56,0.0,689,0,17,49.3,1
CUST-00503,27,54,2,1,0,13175.44,4582.55,439,2,12,68.9,1
CUST-00504,26,45,1,1,1,15524.19,5416.0,606,1,20,36.8,0
CUST-00505,29,83,1,1,1,2879.97,1059.23,589,1,16,26.7,0
CUST-00506,46,29,2,1,0,15829.73,11845.63,774,0,21,31.5,1
CUST-00507,55,97,1,1,0,5722.35,16848.59,658,1,16,57.8,0
CUST-00508,18,68,1,0,1,8143.18,4146.48,617,1,26,60.0,1
CUST-00509,47,3,2,1,0,7493.99,17517.08,549,1,14,33.0,0
CUST-00510,51,28,2,1,1,11587.35,17921.87,777,1,12,57.5,1
CUST-00511,44,49,3,0,0,19582.14,36804.57,547,1,14,25.6,0
CUST-00512,79,45,1,1,1,15806.86,6720.91,590,0,11,50.1,1
CUST-00513,46,22,1,1,1,17636.32,19457.56,651,0,12,27.3,0
CUST-00514,40,1,1,1,0,9420.78,17728.89,621,1,10,40.8,1
CUST-00515,47,39,3,1,0,14072.53,15128.91,672,0,7,69.4,1
CUST-00516,33,41,2,1,1,8078.89,33662.1,656,0,14,75.2,0
CUST-00517,27,65,1,1,1,1873.32,9232.9,680,0,10,51.8,0
CUST-00518,45,54,1,1,0,10411.09,18922.74,713,1,16,39.0,0
CUST-00519,54,16,1,1,0,10389.07,14241.81,765,1,8,79.7,0
CUST-00520,37,71,1,1,1,1500.0,29686.68,630,0,12,23.7,0
CUST-00521,51,30,1,0,1,10136.97,16289.85,476,0,24,27.3,0
CUST-00522,35,77,2,1,0,11193.93,0.0,609,0,8,31.7,0
CUST-00523,60,34,1,1,0,1500.0,21843.26,732,0,16,79.1,0
CUST-00524,43,32,1,1,1,8501.47,14409.82,626,0,21,50.2,0
CUST-00525,46,48,2,1,1,7255.08,13724.1,642,0,18,39.7,1
CUST-00526,49,71,2,1,1,13798.0,2280.51,679,0,1,52.7,0
CUST-00527,24,56,2,1,1,1500.0,27905.55,753,0,16,66.1,1
CUST-00528,38,9,2,0,1,12461.41,21732.18,637,0,18,49.6,0
CUST-00529,62,77,4,0,0,9163.84,0.0,653,0,17,71.8,0
CUST-00530,40,28,2,0,1,13565.42,23071.99,655,1,9,67.4,0
CUST-00531,57,5,1,1,1,12166.06,24198.57,703,1,12,40.2,0
CUST-00532,51,1,4,1,1,3294.85,24178.75,749,1,16,48.2,1
CUST-00533,18,87,2,1,0,1500.0,9123.25,811,1,5,61.6,0
CUST-00534,48,94,2,1,1,1500.0,6079.43,678,0,13,62.5,0
CUST-00535,27,32,3,0,1,11098.39,28554.32,591,2,11,20.0,0
CUST-00536,43,39,3,0,0,1500.0,10010.23,687,1,5,24.9,1
CUST-00537,35,46,1,1,1,12249.64,16118.35,455,0,17,76.2,0
CUST-00538,40,11,1,1,1,14646.27,0.0,453,1,5,35.1,0
CUST-00539,39,52,2,0,0,9095.5,8082.41,574,1,2,52.2,1
CUST-00540,43,65,2,1,0,17674.01,17570.21,653,1,14,90.5,0
CUST-00541,35,35,1,1,0,8768.39,17315.84,588,0,15,44.4,1
CUST-00542,24,55,1,1,0,22336.18,0.0,752,0,4,66.0,1
CUST-00543,28,36,1,1,0,9906.46,28554.4,780,0,22,93.3,0
CUST-00544,51,78,2,1,0,1500.0,12399.6,713,0,1,69.9,0
CUST-00545,61,21,4,0,0,6345.24,2789.18,633,0,10,67.3,0
CUST-00546,43,34,1,1,1,1500.0,17772.48,613,1,2,42.4,0
CUST-00547,50,91,3,1,1,5911.13,24832.21,664,1,11,91.1,0
CUST-00548,52,53,2,1,0,19933.49,8029.23,787,1,17,54.5,0
CUST-00549,24,120,1,1,0,1783.33,0.0,543,1,16,55.6,0
CUST-00550,18,70,3,1,0,9999.58,18840.47,614,0,10,33.6,0
CUST-00551,39,83,4,0,0,7624.55,20492.55,677,1,9,44.4,0
CUST-00552,18,67,3,1,0,13110.16,20865.64,680,0,16,52.4,0
CUST-00553,37,25,2,1,0,6072.97,23210.14,589,0,12,67.3,0
CUST-00554,22,76,1,1,1,10004.99,32446.54,644,0,16,73.2,0
CUST-00555,33,18,4,0,0,11506.75,0.0,666,0,9,73.3,1
CUST-00556,31,1,2,0,0,5176.17,19037.12,603,2,16,33.9,1
CUST-00557,46,60,4,1,0,11486.98,29123.82,718,1,17,51.9,1
CUST-00558,32,78,1,1,1,4902.15,35108.42,647,0,15,44.6,0
CUST-00559,26,85,2,1,1,9533.09,8709.52,757,1,9,96.0,0
CUST-00560,41,60,4,1,1,8225.23,0.0,658,0,23,68.8,0
CUST-00561,76,46,1,0,1,15046.09,18212.35,742,1,16,45.8,0
CUST-00562,46,44,2,1,1,12856.7,7677.03,622,1,2,42.5,0
CUST-00563,18,64,1,1,1,9413.75,21073.91,697,2,23,33.4,1
CUST-00564,41,78,1,1,1,6456.08,33460.49,484,1,11,61.4,0
CUST-00565,71,49,1,1,1,9587.33,9658.77,622,1,14,45.9,0
CUST-00566,42,67,2,0,0,11926.38,8624.43,579,1,19,1.3,1
CUST-00567,55,83,2,0,0,2875.75,0.0,746,0,11,45.9,0
CUST-00568,53,84,2,0,0,5686.49,9171.81,698,1,6,74.2,0
CUST-00569,54,83,1,1,0,9373.41,25899.37,683,0,7,49.6,0
CUST-00570,53,73,2,1,1,10231.58,1673.91,542,1,7,100.0,0
CUST-00571,43,100,1,0,1,11816.79,16851.44,681,0,24,54.2,0
CUST-00572,38,22,2,1,1,9939.83,17586.01,658,1,5,73.8,0
CUST-00573,37,98,3,1,1,8644.82,4158.39,565,0,18,66.9,1
CUST-00574,41,50,1,0,0,7193.22,33856.78,683,0,18,58.9,1
CUST-00575,45,2,4,1,1,11919.61,0.0,746,3,10,36.6,1
CUST-00576,25,52,2,0,1,4596.9,16729.82,633,3,0,49.3,0
CUST-00577,37,58,3,1,0,9920.0,15890.2,730,0,5,61.0,0
CUST-00578,40,8,2,1,0,12080.41,20792.5,681,0,4,62.4,0
CUST-00579,41,49,3,1,0,4974.77,30221.05,667,0,13,8.7,0
CUST-00580,36,1,2,1,0,6786.49,52073.56,610,1,2,63.2,1
CUST-00581,50,99,1,1,1,21027.38,27507.0,727,0,12,65.1,0
CUST-00582,39,40,1,0,1,16098.42,11806.18,549,0,1,37.4,0
CUST-00583,35,48,3,0,0,13159.57,5947.08,716,2,10,53.3,1
CUST-00584,25,77,1,1,1,16533.64,31160.42,622,1,11,81.1,0
CUST-00585,31,48,3,1,1,8741.46,26228.24,617,1,13,33.2,1
CUST-00586,43,10,3,1,1,16681.71,0.0,648,0,9,54.1,1
CUST-00587,41,1,2,1,1,8533.65,0.0,587,0,5,55.2,1
CUST-00588,18,68,1,0,0,12555.9,12449.04,782,1,14,49.8,1
CUST-00589,51,72,3,1,0,8059.92,0.0,600,0,13,53.0,0
CUST-00590,32,35,2,0,0,4016.81,40384.44,830,1,11,59.1,1
CUST-00591,29,1,2,0,1,9277.49,52331.86,655,0,8,86.7,0
CUST-00592,53,58,2,1,0,13096.25,21406.44,559,0,5,60.5,1
CUST-00593,54,47,1,0,0,7590.02,23798.73,598,0,16,45.1,0
CUST-00594,31,66,2,1,1,12003.59,20708.91,623,2,20,38.1,0
CUST-00595,36,24,2,1,0,1500.0,26003.85,610,0,14,61.4,0
CUST-00596,25,1,1,1,0,7027.16,0.0,517,0,10,32.6,0
CUST-00597,50,32,3,1,0,8633.19,28985.71,625,1,3,63.3,1
CUST-00598,51,71,1,0,0,3125.64,25438.47,816,1,16,47.3,1
CUST-00599,35,79,1,1,1,14998.62,9739.38,520,0,18,61.5,1
CUST-00600,57,38,1,1,0,12617.97,28139.16,641,1,12,53.0,1
CUST-00601,51,31,4,1,1,11962.6,18434.37,693,0,6,58.3,0
CUST-00602,39,1,1,0,1,5541.17,15231.73,656,0,4,47.4,1
CUST-00603,49,84,2,1,1,22450.29,18030.03,710,0,20,46.3,0
CUST-00604,20,34,1,1,1,7710.54,16298.73,587,0,1,79.1,1
CUST-00605,37,26,1,1,1,9240.64,3599.53,680,1,9,48.4,0
CUST-00606,43,21,3,1,1,12781.28,11052.68,667,1,24,50.8,0
CUST-00607,40,36,2,0,1,8599.11,14436.79,660,0,0,60.0,0
CUST-00608,65,60,2,1,1,12928.76,1672.13,520,1,7,34.4,0
CUST-00609,44,36,4,0,1,14536.9,3300.47,672,0,6,47.4,0
CUST-00610,44,88,2,1,1,8213.38,25285.58,802,0,13,56.4,0
CUST-00611,24,67,1,1,1,2184.12,20111.21,669,0,13,16.9,0
CUST-00612,38,59,2,1,1,7526.36,12284.42,553,1,14,62.1,0
CUST-00613,31,87,2,1,1,10598.53,7907.59,806,1,13,40.9,1
CUST-00614,68,12,1,0,0,13867.75,53693.22,664,0,9,35.3,0
CUST-00615,35,52,4,1,1,8513.78,24282.86,698,1,0,61.2,0
CUST-00616,41,72,3,1,1,10923.36,39775.63,655,0,9,47.9,0
CUST-00617,55,72,2,0,0,14451.33,14600.91,447,0,20,79.0,1
CUST-00618,48,35,1,1,1,18888.5,14777.34,665,0,12,43.8,0
CUST-00619,23,12,2,0,1,15554.02,18341.65,686,1,15,63.5,1
CUST-00620,48,1,2,1,1,9925.08,10592.31,803,0,20,49.7,1
CUST-00621,49,63,1,0,0,18675.88,18806.81,746,0,16,41.7,1
CUST-00622,38,45,2,0,0,9748.27,9722.32,729,0,7,60.6,0
CUST-00623,46,43,3,1,0,4393.82,5607.5,588,0,3,50.0,0
CUST-00624,41,53,2,0,1,6731.76,8387.81,649,0,11,23.1,0
CUST-00625,23,46,2,1,1,15319.71,10683.89,594,0,17,54.1,1
CUST-00626,33,33,1,1,1,9179.17,8727.09,603,0,14,85.0,1
CUST-00627,40,70,3,0,0,7708.16,13719.96,711,1,9,93.3,0
CUST-00628,33,8,1,1,1,9215.52,30162.68,733,3,1,59.5,1
CUST-00629,46,14,1,1,0,9850.94,24446.17,652,0,19,68.1,0
CUST-00630,52,9,2,0,0,3152.01,28279.11,551,0,14,58.1,0
CUST-00631,43,38,2,1,0,13693.96,8777.36,676,1,6,29.6,0
CUST-00632,36,67,1,1,1,9029.22,26949.38,733,0,12,1.3,0
CUST-00633,56,25,3,1,0,5930.5,39318.93,668,1,19,78.0,0
CUST-00634,42,52,2,1,1,4647.72,17912.32,644,0,16,51.3,0
CUST-00635,44,76,1,1,1,10598.85,33040.25,689,0,3,68.6,0
CUST-00636,31,101,1,1,1,8763.34,17682.36,684,0,4,46.2,0
CUST-00637,37,74,1,1,1,8952.12,0.0,721,1,3,37.8,0
CUST-00638,52,33,2,1,1,18330.4,23436.92,658,0,9,83.6,0
CUST-00639,49,3,1,1,1,13000.99,16160.63,748,0,17,18.0,0
CUST-00640,38,1,1,1,0,1500.0,15702.5,781,0,14,65.3,0
CUST-00641,40,31,2,1,1,9428.12,14752.83,607,0,27,76.8,0
CUST-00642,42,52,1,1,0,5711.92,6181.07,670,0,11,67.9,0
CUST-00643,29,35,2,0,1,5091.93,12672.5,649,0,14,28.5,0
CUST-00644,38,107,3,0,0,7445.17,14450.29,748,0,22,43.6,0
CUST-00645,34,10,2,0,1,10403.5,37355.57,601,0,8,60.5,0
CUST-00646,23,30,1,1,1,6884.17,0.0,625,0,22,49.7,0
CUST-00647,42,1,1,0,0,14815.08,6184.64,572,0,6,71.5,1
CUST-00648,38,83,2,0,1,9832.93,21996.98,662,1,18,72.5,0
CUST-00649,22,30,1,1,0,17369.87,26152.13,663,0,17,78.6,1
CUST-00650,30,1,2,0,1,12544.65,28775.43,678,0,5,67.6,0
CUST-00651,39,43,2,1,0,1691.34,16752.46,650,0,8,36.9,1
CUST-00652,18,92,2,1,0,10152.28,16816.32,623,0,8,32.1,1
CUST-00653,42,107,1,1,1,8150.75,0.0,760,2,8,56.6,0
CUST-00654,43,41,1,1,1,6505.6,3571.45,608,1,24,42.9,1
CUST-00655,48,67,1,0,0,7273.47,31207.01,607,3,12,79.3,0
CUST-00656,33,35,1,1,0,10901.16,17636.32,538,0,15,65.0,0
CUST-00657,23,41,2,1,1,6601.56,20111.12,664,0,3,90.9,0
CUST-00658,48,32,1,0,0,1500.0,21610.65,555,0,0,63.3,1
CUST-00659,24,95,1,1,1,3896.58,30410.18,634,0,16,59.6,0
CUST-00660,46,27,1,1,1,8548.2,16133.86,597,0,26,75.9,0
CUST-00661,32,1,1,1,0,10533.49,5271.68,602,0,14,43.8,0
CUST-00662,28,14,1,0,1,13586.0,18927.36,766,1,14,57.2,1
CUST-00663,44,29,2,1,1,12689.88,9107.09,671,1,12,39.0,1
CUST-00664,53,53,2,0,0,7750.59,3114.19,698,0,15,78.9,0
CUST-00665,38,31,1,1,0,10822.97,25716.61,597,0,9,47.1,1
CUST-00666,37,54,3,1,1,5433.26,4211.12,632,0,13,54.7,0
CUST-00667,20,54,2,1,0,7295.69,4892.3,627,1,0,44.3,0
CUST-00668,50,37,1,0,0,14612.39,19045.09,497,1,14,15.9,0
CUST-00669,41,68,2,1,1,4768.12,28781.92,611,0,6,56.2,0
CUST-00670,37,20,3,0,0,17519.26,28486.92,574,1,12,41.1,0
CUST-00671,56,17,2,1,1,9781.01,2945.27,793,0,11,79.1,0
CUST-00672,21,76,1,0,0,8335.8,19244.37,624,0,9,84.8,1
CUST-00673,34,50,2,1,0,3372.45,20924.79,748,0,16,65.8,1
CUST-00674,40,1,2,0,1,10626.62,13682.52,747,0,15,27.5,0
CUST-00675,36,34,1,1,0,8321.74,9283.97,633,1,6,69.4,0
CUST-00676,18,64,2,1,1,9805.69,0.0,635,0,18,30.8,0
CUST-00677,44,92,2,1,1,11037.61,39402.79,595,1,3,45.2,0
CUST-00678,40,68,3,0,1,10908.33,48.15,674,0,15,69.3,0
CUST-00679,52,57,1,0,1,14517.66,44628.95,748,0,15,7.1,0
CUST-00680,64,79,3,1,1,5266.59,0.0,645,2,16,73.7,0
CUST-00681,38,78,2,1,1,11460.58,7233.98,595,0,6,59.2,0
CUST-00682,45,82,2,1,1,4761.48,42316.11,794,0,19,45.4,0
CUST-00683,43,14,3,0,1,4558.27,2054.62,497,0,15,48.1,1
CUST-00684,42,45,4,1,1,10222.05,23957.37,748,1,17,0.0,1
CUST-00685,38,3,2,0,0,11539.05,11844.78,783,1,10,45.3,1
CUST-00686,45,79,3,0,1,16074.45,16745.65,651,1,5,45.7,0
CUST-00687,54,28,1,1,1,1500.0,12881.89,522,0,4,29.2,1
CUST-00688,30,17,1,1,0,2622.96,11016.06,628,0,17,42.6,0
CUST-00689,63,102,2,0,1,15253.48,3855.23,741,0,11,43.7,0
CUST-00690,46,15,2,1,0,9464.47,6225.79,794,2,18,57.5,0
CUST-00691,44,36,1,1,1,13739.17,19288.87,728,0,24,51.7,0
CUST-00692,18,47,2,1,1,6851.57,16050.6,688,0,15,65.8,0
CUST-00693,40,42,1,1,1,13102.79,13829.07,605,0,11,36.6,1
CUST-00694,28,81,2,0,1,15474.18,18667.35,601,0,23,20.0,0
CUST-00695,47,65,1,1,0,1500.0,8879.16,701,0,11,52.4,0
CUST-00696,51,18,2,1,0,3324.7,11387.02,769,0,5,21.2,0
CUST-00697,54,71,4,1,0,6899.93,7284.35,599,0,19,42.0,1
CUST-00698,38,39,1,1,0,13027.7,27365.43,633,0,20,49.5,1
CUST-00699,39,30,2,1,0,11475.75,18916.68,712,1,11,100.0,0
CUST-00700,45,65,4,1,1,14221.38,0.0,625,0,18,48.7,1
CUST-00701,18,60,2,1,1,8664.38,17061.56,776,1,0,18.0,0
CUST-00702,35,51,1,1,0,8472.59,27186.18,731,0,16,25.4,0
CUST-00703,33,22,1,0,0,9976.81,11440.6,542,0,14,68.0,1
CUST-00704,46,50,3,1,0,9188.2,12367.39,687,0,17,68.5,0
CUST-00705,35,11,1,1,1,6681.66,0.0,752,0,13,66.6,0
CUST-00706,49,70,1,1,1,7170.1,20482.49,746,0,22,46.9,0
CUST-00707,38,38,3,1,1,10613.58,24723.47,716,1,6,72.7,0
CUST-00708,50,44,3,1,1,6066.21,30763.98,555,0,3,44.1,1
CUST-00709,67,67,1,1,0,15328.35,10437.48,487,0,22,67.4,1
CUST-00710,59,41,1,1,1,12852.4,9668.05,733,1,12,69.9,1
CUST-00711,51,61,1,1,0,4669.63,0.0,804,0,9,28.6,0
CUST-00712,54,25,2,1,1,5360.3,1889.75,693,0,5,73.6,0
CUST-00713,36,55,1,1,1,19414.88,28865.24,589,0,0,56.7,0
CUST-00714,31,74,1,1,1,2883.6,37660.56,658,1,11,56.1,0
CUST-00715,30,1,1,1,1,11273.7,6895.76,554,1,11,61.7,0
CUST-00716,42,33,1,1,1,12073.92,11026.89,562,0,13,46.7,0
CUST-00717,58,50,4,1,1,10860.14,23400.29,753,0,12,68.6,1
CUST-00718,31,42,3,1,0,15705.88,15064.05,461,1,11,74.9,0
CUST-00719,46,60,2,1,1,1500.0,1656.66,676,0,19,76.8,0
CUST-00720,25,81,2,1,1,4708.43,39812.95,774,0,0,41.9,0
CUST-00721,25,49,3,1,1,5150.51,23857.93,517,0,10,51.6,1
CUST-00722,50,60,2,1,1,14083.33,25957.26,767,2,8,62.1,0
CUST-00723,32,59,2,0,1,9557.77,26987.29,598,0,16,47.6,0
CUST-00724,31,76,1,1,1,4767.99,39877.95,520,0,25,52.0,1
CUST-00725,64,69,1,1,0,4835.28,6287.0,806,0,12,31.2,1
CUST-00726,41,92,1,1,1,11144.77,20646.05,581,1,2,59.6,0
CUST-00727,39,79,2,1,1,9261.77,26956.85,669,1,15,77.5,0
CUST-00728,37,29,2,0,0,11908.94,12429.03,645,0,14,60.4,0
CUST-00729,45,55,2,1,1,16199.86,13124.21,614,0,19,67.2,0
CUST-00730,32,76,2,1,1,5667.59,24305.38,735,0,12,54.8,0
CUST-00731,41,51,3,1,1,7877.51,6882.14,669,0,14,72.3,0
CUST-00732,53,1,2,1,0,11222.1,12963.91,840,0,6,56.4,0
CUST-00733,36,100,3,1,1,8182.25,0.0,578,3,1,73.7,0
CUST-00734,18,60,2,1,1,6593.55,29603.69,601,0,5,47.6,0
CUST-00735,32,56,2,0,0,4814.21,10679.13,578,0,9,61.1,0
CUST-00736,49,57,1,0,1,5386.39,8262.08,605,0,12,77.5,0
CUST-00737,53,23,2,1,0,9547.83,17050.82,561,1,5,60.4,0
CUST-00738,44,48,4,0,1,4439.94,1071.96,677,0,15,26.8,0
CUST-00739,57,37,1,1,0,1500.0,13488.77,638,0,15,24.0,0
CUST-00740,28,23,1,1,0,22442.47,28349.48,685,0,10,11.5,1
CUST-00741,55,52,2,0,1,7620.18,20305.91,667,1,25,74.3,0
CUST-00742,43,59,3,1,1,9144.46,25495.2,537,1,4,56.9,0
CUST-00743,48,80,3,0,0,14613.11,31095.78,639,0,19,56.0,0
CUST-00744,18,56,3,1,1,6677.58,4520.25,550,0,7,0.0,0
CUST-00745,51,43,1,1,0,6082.15,23687.98,555,2,9,58.6,0
CUST-00746,43,65,2,1,0,12897.71,20725.29,581,2,14,88.5,0
CUST-00747,63,80,1,1,1,6653.08,36070.98,599,0,0,76.2,0
CUST-00748,42,77,3,0,0,14461.11,0.0,644,0,13,57.2,0
CUST-00749,28,41,2,0,1,14060.77,15768.31,620,0,10,47.9,0
CUST-00750,30,51,1,1,1,6911.86,12061.58,619,0,10,85.9,0
CUST-00751,45,39,3,1,1,6962.94,9145.1,667,0,6,48.6,0
CUST-00752,44,112,2,1,0,1744.95,11487.86,669,2,7,59.8,0
CUST-00753,32,78,3,1,0,3702.82,19920.55,682,0,14,60.1,1
CUST-00754,27,85,2,1,0,13803.14,21280.17,597,2,23,72.8,1
CUST-00755,58,19,1,0,1,5426.06,2840.13,477,1,15,67.0,0
CUST-00756,37,59,2,0,1,12387.29,30368.94,501,0,10,68.0,0
CUST-00757,39,90,1,1,0,12715.0,49976.29,640,0,23,57.2,0
CUST-00758,34,11,1,0,1,6828.13,16274.56,559,0,17,62.6,0
CUST-00759,57,45,1,1,0,13893.75,30328.62,641,1,8,50.9,0
CUST-00760,53,1,2,1,1,8951.56,5895.4,744,0,5,58.0,0
CUST-00761,28,138,3,1,0,15310.61,8036.03,652,0,16,42.2,0
CUST-00762,39,55,3,1,1,6355.91,17555.64,542,0,9,52.8,0
CUST-00763,29,33,2,1,1,8005.01,38145.99,599,0,12,39.9,0
CUST-00764,62,75,2,1,0,7966.7,13476.27,605,0,15,26.2,0
CUST-00765,45,37,1,0,0,8927.76,14542.22,630,0,10,70.2,1
CUST-00766,37,68,2,1,1,6168.5,7011.36,479,0,10,22.8,1
CUST-00767,36,35,1,1,0,11412.49,3704.07,673,1,11,47.4,1
CUST-00768,47,83,2,1,1,12558.93,16314.57,540,0,14,89.5,0
CUST-00769,37,29,2,1,1,13387.21,31936.31,638,1,12,65.6,1
CUST-00770,59,53,1,1,0,12023.23,24113.01,631,0,10,72.9,0
CUST-00771,29,18,2,1,1,8322.07,16522.64,632,0,12,28.0,0
CUST-00772,25,54,1,1,0,4920.07,11289.68,811,0,24,48.7,0
CUST-00773,57,45,1,1,0,12304.86,26563.6,581,1,6,38.5,1
CUST-00774,35,11,1,1,1,7746.58,0.0,678,0,8,50.7,0
CUST-00775,57,103,3,1,1,5217.69,12549.97,647,0,11,39.6,0
CUST-00776,51,43,1,1,1,7221.2,16064.08,744,0,15,64.8,1
CUST-00777,24,49,4,1,1,10449.41,39233.8,564,1,15,54.3,0
CUST-00778,33,77,3,0,0,13883.28,7768.43,713,0,1,38.5,0
CUST-00779,41,20,3,1,1,11447.56,27546.52,582,0,21,77.7,0
CUST-00780,37,16,2,0,1,10272.16,22977.89,468,0,17,39.7,0
CUST-00781,44,29,2,0,1,6053.34,0.0,453,0,10,94.5,0
CUST-00782,33,81,2,0,0,12470.34,11917.13,695,0,28,51.4,1
CUST-00783,39,19,4,1,1,6958.68,19123.31,540,2,13,47.9,0
CUST-00784,52,127,2,0,1,13242.45,0.0,688,1,11,85.4,0
CUST-00785,56,56,1,0,0,9989.67,15048.47,724,0,7,41.6,1
CUST-00786,31,60,1,0,1,8501.0,14895.9,709,0,4,75.9,0
CUST-00787,37,63,3,0,0,9384.55,0.0,850,1,12,46.2,0
CUST-00788,38,30,1,1,0,1500.0,25674.82,614,0,14,53.5,1
CUST-00789,24,48,1,1,1,20246.9,4048.93,799,0,15,16.4,0
CUST-00790,51,31,2,1,1,10854.19,40649.65,669,0,16,81.9,0
CUST-00791,47,46,1,1,1,12567.1,0.0,589,1,8,55.1,0
CUST-00792,46,42,2,1,1,4015.73,20328.31,604,0,4,99.2,0
CUST-00793,39,92,1,1,1,12123.1,16235.38,618,0,15,27.6,0
CUST-00794,50,55,2,0,0,9842.66,7290.94,583,0,8,46.5,0
CUST-00795,52,50,1,1,1,9939.35,17900.67,661,0,24,24.4,0
CUST-00796,54,45,2,1,1,19507.39,0.0,651,0,9,31.0,0
CUST-00797,38,27,2,1,1,19841.89,29071.14,504,0,15,76.3,0
CUST-00798,44,22,1,1,0,11956.86,10513.76,614,0,4,43.2,1
CUST-00799,35,43,1,0,0,9277.04,2164.75,541,0,17,51.4,1
CUST-00800,36,86,1,1,1,5562.04,12486.08,660,1,18,43.0,0
CUST-00801,52,64,4,1,1,15313.14,1858.13,685,2,19,60.7,1
CUST-00802,41,31,1,1,0,10051.71,6424.73,747,1,11,38.9,1
CUST-00803,38,26,3,1,0,6658.26,6491.74,685,0,3,12.1,1
CUST-00804,47,40,1,0,1,14271.02,0.0,757,1,12,59.6,1
CUST-00805,48,80,2,1,1,5090.7,18961.49,625,1,6,56.1,0
CUST-00806,31,79,2,0,1,10917.07,38570.81,542,0,4,70.1,0
CUST-00807,32,37,1,1,1,10440.0,15779.17,707,1,9,83.5,0
CUST-00808,49,31,1,1,1,11834.17,0.0,707,0,9,32.6,0
CUST-00809,46,63,2,0,0,16808.42,22120.41,643,0,8,41.3,0
CUST-00810,37,26,1,1,0,9724.05,16750.74,810,0,12,55.2,1
CUST-00811,54,41,1,1,1,14403.51,20288.91,569,0,11,80.5,1
CUST-00812,39,97,2,0,0,5594.83,44734.62,664,1,11,47.6,1
CUST-00813,18,30,1,0,1,6478.93,15421.68,584,1,5,51.3,0
CUST-00814,30,52,1,0,1,1500.0,19501.5,554,0,21,56.9,0
CUST-00815,22,48,1,0,1,12323.6,21582.22,652,0,9,72.7,1
CUST-00816,54,76,2,1,1,5848.41,36473.24,585,1,12,25.9,1
CUST-00817,46,56,3,0,1,14054.43,10677.93,783,0,8,71.6,1
CUST-00818,41,7,1,1,0,11893.71,17800.4,598,2,19,57.6,0
CUST-00819,18,18,1,0,1,19267.38,31797.0,671,1,9,70.7,0
CUST-00820,22,65,1,1,1,8923.67,1662.55,701,0,18,65.5,0
CUST-00821,38,47,1,1,0,13533.88,0.0,641,1,12,5.1,1
CUST-00822,19,34,1,1,0,11767.49,32894.73,778,0,11,76.8,0
CUST-00823,51,8,4,1,1,8845.1,31631.05,679,1,11,75.0,0
CUST-00824,39,56,2,1,0,15627.54,13141.35,557,0,14,74.5,1
CUST-00825,38,35,3,1,1,10212.47,14942.8,713,0,16,19.3,0
CUST-00826,39,69,2,1,1,6748.49,4975.73,581,0,11,38.4,0
CUST-00827,29,58,1,1,0,9994.36,6509.49,561,0,11,71.9,0
CUST-00828,27,22,3,1,0,1500.0,566.08,654,0,10,39.0,1
CUST-00829,18,11,1,1,0,11843.4,18420.08,571,0,20,0.0,0
CUST-00830,40,32,3,0,0,18349.94,43013.13,630,1,23,51.2,0
CUST-00831,45,59,1,1,0,8054.15,0.0,513,0,10,39.0,0
CUST-00832,37,69,3,1,0,10890.98,13021.17,799,1,9,32.5,1
CUST-00833,37,1,1,1,1,16210.41,19996.54,677,1,7,43.9,0
CUST-00834,29,89,3,0,1,8021.28,18347.41,653,1,11,21.6,0
CUST-00835,43,56,3,0,1,9906.34,25806.6,695,0,7,66.7,0
CUST-00836,18,39,2,0,0,12391.42,17764.62,775,0,7,33.4,0
CUST-00837,27,1,2,1,0,7741.7,7196.84,584,0,20,78.4,0
CUST-00838,32,17,1,1,0,1500.0,3333.03,677,0,8,60.1,1
CUST-00839,34,83,1,1,1,11591.8,0.0,789,0,19,49.4,0
CUST-00840,43,50,1,0,1,5188.82,23860.49,420,2,9,100.0,0
CUST-00841,38,51,4,1,1,16266.86,18748.45,706,1,11,78.4,1
CUST-00842,42,38,2,1,1,2861.38,16757.16,633,0,17,87.0,0
CUST-00843,55,33,1,1,1,2395.01,7058.99,629,3,11,71.7,0
CUST-00844,56,38,2,1,1,7582.41,1168.54,525,0,14,55.1,0
CUST-00845,48,74,1,0,1,4989.93,15281.75,694,0,4,72.0,0
CUST-00846,55,74,3,1,1,5801.68,2132.33,686,0,7,74.3,1
CUST-00847,61,67,1,1,1,5799.94,13238.63,754,1,10,46.8,0
CUST-00848,44,41,3,0,0,1500.0,22998.47,705,0,14,44.8,0
CUST-00849,23,60,2,1,0,3076.94,48847.97,621,0,12,33.3,0
CUST-00850,52,95,2,1,0,15730.14,15052.19,601,0,9,13.7,0
CUST-00851,28,74,3,1,1,13360.08,4094.96,672,0,19,70.7,0
CUST-00852,62,89,1,1,1,12357.83,46856.64,531,0,17,63.8,1
CUST-00853,61,7,1,1,1,5766.41,0.0,516,0,18,47.6,0
CUST-00854,34,1,1,1,1,5444.2,2207.95,716,0,8,48.3,1
CUST-00855,27,73,3,1,1,14940.93,34675.32,594,1,8,33.4,0
CUST-00856,32,44,1,1,1,8122.06,28290.71,548,0,11,62.1,0
CUST-00857,39,1,1,1,1,13292.13,0.0,686,0,23,100.0,0
CUST-00858,55,71,1,1,0,3382.38,8383.61,561,2,12,42.0,0
CUST-00859,25,82,3,1,1,13527.49,18510.71,660,0,11,60.2,0
CUST-00860,51,59,1,0,1,5211.14,0.0,582,0,5,48.2,0
CUST-00861,18,53,1,0,1,12644.63,9903.83,584,0,14,77.5,0
CUST-00862,55,3,1,0,1,10521.79,19612.51,605,0,10,75.3,0
CUST-00863,39,81,3,1,0,1500.0,4615.29,566,0,10,77.2,0
CUST-00864,42,124,2,0,1,17795.83,4197.86,550,1,19,35.3,0
CUST-00865,39,127,1,1,1,4278.22,0.0,683,1,4,68.8,0
CUST-00866,51,50,1,0,0,9139.22,15991.76,751,1,8,75.2,1
CUST-00867,44,54,1,1,0,7147.64,27932.37,602,0,14,24.8,1
CUST-00868,60,73,1,0,1,9018.1,1224.85,617,1,4,90.4,0
CUST-00869,19,14,4,0,1,7963.91,27024.16,618,1,19,51.8,1
CUST-00870,29,33,1,0,1,6944.63,28135.91,529,0,18,48.8,0
CUST-00871,24,70,1,1,0,15762.21,16234.82,786,1,21,87.6,0
CUST-00872,49,58,2,0,1,11525.89,0.0,599,0,24,34.4,0
CUST-00873,20,33,2,1,1,14572.21,29131.47,496,0,14,62.6,1
CUST-00874,69,46,1,1,1,6389.02,5687.18,565,0,11,59.3,0
CUST-00875,41,13,2,1,0,7774.33,11012.56,647,0,13,31.8,0
CUST-00876,55,37,2,1,0,11737.94,23257.85,549,1,11,55.2,1
CUST-00877,28,83,2,0,1,14618.69,4387.56,723,1,19,15.3,0
CUST-00878,42,30,2,1,1,7128.89,15149.6,548,1,10,63.0,0
CUST-00879,47,27,3,1,1,1500.0,31717.87,824,0,11,88.1,1
CUST-00880,32,36,1,1,1,1948.8,22278.07,658,0,6,64.2,0
CUST-00881,37,13,1,1,0,3469.03,20674.19,620,0,26,63.8,0
CUST-00882,59,69,1,1,1,10367.54,18581.79,696,1,24,55.0,0
CUST-00883,55,3,1,1,1,1500.0,21694.81,628,1,19,26.3,0
CUST-00884,47,21,2,0,0,7173.37,20061.2,668,1,13,50.5,0
CUST-00885,64,57,4,1,0,14367.84,13467.77,595,0,7,82.9,1
CUST-00886,18,1,1,0,1,10923.86,15985.08,719,1,5,51.8,0
CUST-00887,43,95,3,1,1,17029.67,23744.78,685,1,18,37.2,0
CUST-00888,35,89,2,1,1,9655.0,7567.05,699,0,8,0.0,0
CUST-00889,57,51,1,0,0,9306.43,8628.67,600,0,10,36.7,0
CUST-00890,53,87,1,0,1,11809.0,11320.58,625,0,11,96.3,0
CUST-00891,54,58,1,1,1,10861.08,0.0,459,1,17,58.3,0
CUST-00892,33,68,3,1,0,10484.66,11225.34,672,1,21,46.8,1
CUST-00893,47,84,1,1,1,14396.95,12063.52,588,0,14,61.7,1
CUST-00894,53,116,1,1,0,8745.24,32173.75,716,0,9,68.3,0
CUST-00895,56,57,1,1,1,8645.76,11649.19,663,0,16,94.5,0
CUST-00896,29,122,1,1,1,16997.81,12634.8,598,0,15,56.1,0
CUST-00897,32,84,1,0,1,10777.83,17226.52,660,0,13,79.3,1
CUST-00898,43,99,1,0,1,15990.55,18889.18,744,0,3,61.4,0
CUST-00899,57,52,2,1,0,11639.88,10703.42,786,0,10,38.4,1
CUST-00900,47,63,2,1,0,14397.33,47579.98,598,0,15,74.0,0
CUST-00901,57,119,4,1,0,10435.3,4046.28,714,0,17,61.6,0
CUST-00902,18,32,1,1,1,3480.15,21037.92,650,0,10,29.6,0
CUST-00903,37,15,1,0,1,13211.56,21446.13,627,0,10,86.4,0
CUST-00904,46,120,1,1,1,13521.36,19246.96,675,0,9,63.6,0
CUST-00905,43,1,3,0,0,2034.09,4013.05,807,1,8,31.6,1
CUST-00906,18,80,1,0,1,7077.38,17237.3,549,0,11,59.3,0
CUST-00907,53,30,1,0,0,14832.27,13145.74,620,0,9,43.4,1
CUST-00908,44,44,2,1,1,15671.47,0.0,660,0,11,26.9,1
CUST-00909,34,1,1,0,0,11006.81,21700.1,529,0,11,39.6,0
CUST-00910,54,44,4,0,0,7254.98,34033.51,604,0,11,5.1,0
CUST-00911,19,8,1,1,0,6494.38,3406.23,533,0,19,64.5,0
CUST-00912,34,47,2,1,0,4874.46,30586.24,656,0,25,67.1,0
CUST-00913,51,62,1,0,1,4934.03,0.0,619,0,12,76.1,1
CUST-00914,45,5,1,1,0,8351.92,14315.39,735,1,6,70.6,0
CUST-00915,37,78,2,0,1,9491.58,5763.08,709,1,7,48.5,0
CUST-00916,38,77,2,1,1,6696.08,8922.8,596,0,13,97.3,0
CUST-00917,37,1,3,1,1,9149.21,17988.38,610,0,15,52.3,0
CUST-00918,50,34,1,0,0,5901.3,29967.26,609,1,15,86.9,0
CUST-00919,36,25,2,0,1,4839.53,22857.7,633,0,8,54.0,0
CUST-00920,48,157,2,1,0,8875.34,11390.58,619,0,19,21.2,0
CUST-00921,18,49,2,1,1,8772.31,1207.81,663,0,11,77.1,0
CUST-00922,55,6,3,1,0,3760.23,9112.48,716,0,28,56.2,1
CUST-00923,69,54,1,1,0,6711.38,7388.41,661,0,5,42.8,1
CUST-00924,46,9,2,1,1,7338.61,18917.44,688,0,6,50.3,0
CUST-00925,39,26,1,1,1,12211.31,13576.38,724,1,4,21.0,1
CUST-00926,34,89,2,1,1,4309.98,15610.74,780,0,0,61.5,0
CUST-00927,48,48,1,1,1,12928.66,22755.84,819,0,7,58.3,0
CUST-00928,32,52,1,1,1,8785.64,18679.1,554,1,17,47.4,0
CUST-00929,30,82,2,1,1,15164.85,6523.3,607,0,13,85.6,0
CUST-00930,18,110,1,1,1,14143.86,14278.65,698,1,10,23.8,0
CUST-00931,43,59,1,1,1,10997.52,5524.18,682,1,4,98.4,0
CUST-00932,37,15,1,1,0,10173.95,33598.28,712,0,9,74.1,0
CUST-00933,37,47,2,1,1,4931.64,24134.73,540,0,21,65.8,1
CUST-00934,40,58,1,1,1,18870.23,0.0,612,0,11,44.4,1
CUST-00935,32,44,2,0,1,13977.06,0.0,545,0,14,44.9,0
CUST-00936,42,69,1,0,1,3758.9,7039.87,599,0,0,51.1,0
CUST-00937,27,26,1,1,1,12909.36,9042.08,661,2,5,65.7,0
CUST-00938,39,106,2,1,1,6887.79,22658.8,522,0,11,45.5,0
CUST-00939,37,64,1,0,0,17371.61,45806.58,698,0,23,43.2,1
CUST-00940,20,1,2,0,0,2410.28,9778.58,827,0,4,99.9,0
CUST-00941,25,49,1,1,1,9413.41,8285.03,773,0,7,75.7,0
CUST-00942,33,71,2,0,1,6092.62,9164.48,721,0,20,80.9,0
CUST-00943,33,62,1,1,0,11420.95,9177.48,626,0,12,36.5,0
CUST-00944,43,97,2,1,1,4522.62,0.0,566,0,12,16.5,0
CUST-00945,35,17,1,1,1,15801.1,11992.45,825,0,12,62.4,0
CUST-00946,39,1,3,1,0,7248.81,13823.29,531,0,13,39.3,0
CUST-00947,35,75,1,1,1,11551.0,17614.0,790,1,7,87.2,0
CUST-00948,18,36,2,1,0,17126.36,41073.61,654,0,21,45.3,0
CUST-00949,39,38,1,1,1,14181.97,20958.05,525,0,14,74.1,0
CUST-00950,30,75,2,1,0,14307.19,17603.3,681,0,13,52.7,0
CUST-00951,38,19,3,1,1,9738.48,22532.6,850,0,11,63.9,1
CUST-00952,31,7,1,1,0,8306.31,13498.27,725,0,5,38.1,1
CUST-00953,48,14,1,1,1,13416.61,14459.99,648,0,10,21.9,1
CUST-00954,39,70,4,1,0,17732.13,0.0,552,0,7,100.0,0
CUST-00955,48,44,1,1,1,14195.87,23707.05,750,0,10,42.5,1
CUST-00956,49,26,2,1,0,8069.91,20951.86,672,0,10,42.9,1
CUST-00957,33,1,2,1,1,7558.38,13797.78,792,0,14,83.5,0
CUST-00958,50,70,2,1,1,18669.89,8804.0,668,2,19,68.7,0
CUST-00959,43,15,1,1,1,1500.0,0.0,759,2,12,55.0,1
CUST-00960,27,68,3,0,1,3423.2,29431.85,477,1,10,47.1,0
CUST-00961,39,35,3,1,1,15176.71,22257.51,472,0,22,69.3,0
CUST-00962,41,57,1,0,0,8805.94,21439.59,519,0,18,60.9,1
CUST-00963,55,26,1,1,0,8670.21,19627.29,706,2,15,50.3,0
CUST-00964,36,59,1,1,1,12375.2,23578.94,809,1,16,57.7,1
CUST-00965,59,1,1,0,1,2920.74,25520.86,326,0,8,68.7,0
CUST-00966,49,24,1,1,1,16459.46,0.0,806,0,12,64.3,1
CUST-00967,18,64,3,1,1,6142.75,6700.32,746,0,8,59.4,0
CUST-00968,28,94,2,1,1,7779.55,5665.32,596,1,11,55.6,1
CUST-00969,47,63,2,1,1,6846.16,21141.68,682,0,7,80.9,0
CUST-00970,23,27,1,0,0,5205.22,6788.66,828,0,20,42.9,0
CUST-00971,46,29,1,0,0,17865.93,23572.65,546,0,9,75.0,0
CUST-00972,57,51,2,1,0,16004.98,9201.84,506,0,20,42.4,0
CUST-00973,37,11,1,1,1,4529.08,25606.26,667,0,11,80.9,1
CUST-00974,57,80,1,1,1,10965.84,20230.5,661,0,9,80.1,0
CUST-00975,56,110,1,0,0,16552.48,7257.71,576,0,3,46.6,0
CUST-00976,39,32,2,0,1,7411.68,12156.18,768,1,7,66.7,1
CUST-00977,40,1,1,0,1,2044.79,33676.69,466,1,21,44.6,1
CUST-00978,42,24,1,1,0,9493.22,27890.9,622,0,16,55.8,1
CUST-00979,45,42,1,1,1,4937.81,23386.95,725,0,9,35.1,0
CUST-00980,21,31,1,1,0,3849.79,16304.36,612,0,13,70.3,0
CUST-00981,38,86,3,0,0,11156.06,20422.92,723,1,22,88.5,0
CUST-00982,20,79,2,0,1,9431.87,13194.16,650,0,12,41.6,0
CUST-00983,36,23,3,0,1,2531.68,12933.4,659,0,8,48.3,0
CUST-00984,37,85,1,1,1,7462.27,18528.58,750,1,12,51.0,0
CUST-00985,18,100,2,0,0,4422.53,27001.31,585,0,13,37.2,0
CUST-00986,25,1,1,1,0,8727.25,12788.45,732,1,16,43.4,1
CUST-00987,35,41,1,0,1,5500.52,22562.19,635,0,10,68.0,0
CUST-00988,66,52,1,0,1,14230.93,10088.22,650,0,15,86.5,0
CUST-00989,23,92,2,1,0,12073.96,0.0,707,3,14,11.2,1
CUST-00990,41,1,3,1,0,12945.18,1031.78,682,1,1,25.5,1
CUST-00991,29,38,2,0,0,7141.08,9724.78,570,0,10,48.0,0
CUST-00992,35,27,1,1,0,13711.44,24502.65,598,1,11,30.1,1
CUST-00993,52,21,2,1,0,17115.28,22612.24,717,0,8,55.4,1
CUST-00994,44,42,3,0,1,15268.83,13338.84,684,1,13,64.8,0
CUST-00995,45,71,1,0,0,15217.46,14678.8,776,1,10,25.3,1
CUST-00996,46,68,1,1,1,7761.29,24400.07,717,0,15,68.9,0
CUST-00997,47,89,3,1,0,10148.21,5422.16,683,0,11,57.7,1
CUST-00998,18,33,1,0,1,16051.91,12431.84,628,0,10,62.5,1
CUST-00999,45,53,1,1,0,7395.0,12830.47,480,1,11,41.3,0
CUST-01000,39,64,1,0,0,7124.22,0.0,729,0,10,21.6,0
CUST-01001,45,93,2,0,0,4840.08,26609.47,653,0,20,80.8,0
CUST-01002,50,20,2,1,1,15014.77,30007.08,764,1,4,54.8,0
CUST-01003,45,49,1,1,0,20859.84,20989.91,744,1,6,77.2,0
CUST-01004,48,18,1,1,1,6958.83,26501.4,712,0,8,62.7,1
CUST-01005,26,60,3,0,0,11917.27,26554.16,668,1,15,75.2,0
CUST-01006,45,1,2,0,1,15258.22,27460.53,701,1,15,51.2,0
CUST-01007,39,12,1,1,1,12690.68,16932.29,731,0,8,53.0,0
CUST-01008,39,49,3,0,1,10417.08,16495.46,398,1,24,86.2,0
CUST-01009,56,14,1,1,0,13877.84,0.0,644,0,17,56.6,1
CUST-01010,34,58,1,1,1,9798.69,24688.21,678,0,20,62.4,0
CUST-01011,32,22,2,1,0,7268.17,8997.46,641,0,7,64.8,0
CUST-01012,24,1,3,0,1,3403.33,0.0,761,1,6,69.7,0
CUST-01013,36,26,2,1,1,8582.48,9592.86,603,0,9,57.8,0
CUST-01014,53,81,2,0,1,4584.21,19633.75,666,1,19,47.0,0
CUST-01015,20,60,2,1,0,10913.8,19160.35,623,2,23,30.1,0
CUST-01016,43,65,2,1,1,11032.68,12895.88,693,0,18,100.0,1
CUST-01017,18,1,3,0,0,15459.78,15430.6,636,0,2,45.4,0
CUST-01018,32,32,1,0,0,2157.21,0.0,598,0,20,60.9,1
CUST-01019,45,66,4,0,0,11747.96,32671.61,683,0,16,56.3,0
CUST-01020,34,40,1,1,0,17294.82,0.0,456,0,7,63.5,0
CUST-01021,26,73,3,0,0,16164.65,6523.23,610,0,4,55.3,0
CUST-01022,36,63,3,0,1,7347.09,32063.15,711,0,11,27.4,0
CUST-01023,52,31,2,0,1,7901.55,15514.1,560,0,13,46.4,0
CUST-01024,58,77,1,1,1,8755.37,6575.3,695,0,12,46.1,0
CUST-01025,58,94,3,0,1,11058.31,17824.69,615,0,16,89.6,0
CUST-01026,48,71,2,0,0,8783.0,7811.66,648,1,6,57.1,1
CUST-01027,44,68,1,1,1,12500.49,27042.14,663,0,11,68.3,0
CUST-01028,52,12,1,1,0,8622.26,9695.67,598,1,8,38.4,1
CUST-01029,26,53,3,1,1,4059.07,18014.96,534,0,5,63.9,0
CUST-01030,28,56,4,1,1,13366.25,17347.3,773,0,11,61.5,0
CUST-01031,55,18,1,1,1,3757.56,0.0,737,0,20,36.2,1
CUST-01032,50,38,3,1,1,7500.62,1611.7,708,0,6,79.4,0
CUST-01033,51,28,1,1,1,7937.97,14857.81,672,1,16,20.0,1
CUST-01034,43,85,3,0,0,17483.33,0.0,678,1,16,8.8,0
CUST-01035,30,17,1,1,0,8300.44,17204.38,626,1,8,50.9,0
CUST-01036,27,54,3,1,1,7165.4,0.0,644,1,7,47.5,0
CUST-01037,51,47,1,1,1,13209.59,8415.06,772,0,12,70.1,0
CUST-01038,53,64,3,0,1,8399.79,0.0,722,1,11,52.7,1
CUST-01039,27,46,2,0,0,5704.93,0.0,581,4,6,32.8,0
CUST-01040,31,21,1,1,1,8440.3,29031.37,569,4,6,61.1,1
CUST-01041,39,55,2,1,0,14885.44,0.0,590,1,12,68.1,1
CUST-01042,50,107,4,0,0,3219.63,1141.32,750,1,11,63.2,0
CUST-01043,36,62,1,1,1,8366.21,15959.01,807,1,13,60.3,0
CUST-01044,30,80,3,1,1,7196.61,29959.67,567,0,6,43.4,0
CUST-01045,52,1,2,0,1,5633.37,4824.8,707,1,8,37.7,1
CUST-01046,47,103,1,0,0,10442.7,27857.11,557,0,8,66.8,0
CUST-01047,32,84,2,1,0,14510.7,0.0,583,0,7,58.8,0
CUST-01048,32,45,2,1,0,13203.87,24984.78,575,1,14,68.2,0
CUST-01049,53,69,2,1,1,8886.04,23906.22,837,0,19,62.4,0
CUST-01050,25,100,3,1,1,6063.09,5995.38,812,1,9,63.9,0
CUST-01051,36,46,1,1,1,14809.66,17296.28,639,0,8,73.6,0
CUST-01052,45,15,2,0,1,12450.84,4203.22,613,0,15,55.5,0
CUST-01053,42,73,3,0,0,14720.59,1495.8,591,0,12,75.9,0
CUST-01054,51,41,1,0,0,9001.4,6697.29,663,0,5,32.5,1
CUST-01055,19,64,1,1,1,12388.56,13670.67,680,0,20,71.0,0
CUST-01056,40,38,2,1,1,7976.2,15711.18,750,0,0,58.2,1
CUST-01057,44,2,3,0,0,22285.6,0.0,675,0,9,40.8,0
CUST-01058,44,34,1,1,1,6388.19,8222.22,629,1,20,91.0,0
CUST-01059,47,64,3,0,0,11441.45,14645.81,720,0,11,63.9,0
CUST-01060,26,14,2,0,1,3518.51,42507.61,647,1,19,42.4,1
CUST-01061,57,97,2,0,0,13416.62,24820.66,615,1,22,59.5,0
CUST-01062,45,1,3,1,0,12198.43,16396.96,621,1,13,83.2,1
CUST-01063,47,21,4,0,1,4879.88,12463.8,820,1,17,80.2,1
CUST-01064,33,56,1,1,1,11204.92,764.15,671,0,9,42.8,0
CUST-01065,42,54,3,1,1,7121.71,0.0,669,0,9,61.4,0
CUST-01066,56,72,2,1,0,6656.96,25679.27,533,0,10,48.5,1
CUST-01067,40,53,4,1,0,13987.12,25208.21,706,0,11,41.6,0
CUST-01068,42,97,1,1,1,8054.18,38108.16,704,1,7,38.9,0
CUST-01069,44,34,3,1,1,15210.39,10363.61,605,2,4,56.1,0
CUST-01070,20,66,1,1,1,10666.04,30438.3,827,1,18,40.8,0
CUST-01071,38,28,1,1,1,12538.73,14844.59,742,1,12,43.1,0
CUST-01072,48,83,4,1,1,6099.3,9694.97,495,0,20,59.5,0
CUST-01073,34,42,1,1,0,11272.85,26543.85,532,0,17,63.9,0
CUST-01074,39,39,2,1,0,16007.89,14261.23,583,1,13,73.0,0
CUST-01075,40,48,2,1,0,10263.89,9544.08,648,0,16,81.8,0
CUST-01076,21,21,1,1,0,3935.83,34122.64,691,1,6,88.1,0
CUST-01077,50,37,1,1,0,11188.97,9120.6,733,0,16,30.2,1
CUST-01078,24,1,1,1,1,7049.66,28559.29,673,0,5,4.5,1
CUST-01079,45,39,2,1,0,8854.32,31507.19,680,0,2,47.2,0
CUST-01080,38,46,2,0,1,8077.97,19364.85,723,0,7,35.2,0
CUST-01081,36,68,1,0,1,7141.08,6454.8,731,0,4,18.9,0
CUST-01082,41,35,1,1,0,9389.13,3918.59,669,0,12,40.2,1
CUST-01083,49,9,1,0,1,7772.8,0.0,755,0,11,35.1,0
CUST-01084,50,47,3,0,0,12515.45,28663.67,712,0,14,48.6,0
CUST-01085,35,30,3,0,1,6123.26,8415.69,642,1,16,48.8,0
CUST-01086,38,20,3,0,0,11139.61,6940.26,622,1,11,48.6,1
CUST-01087,30,100,2,1,1,8102.93,17745.13,719,0,23,61.9,0
CUST-01088,22,41,3,1,1,11794.13,16935.5,586,0,9,67.7,0
CUST-01089,51,135,1,1,1,12032.59,6557.86,677,0,7,70.6,0
CUST-01090,27,37,3,0,0,13840.49,13953.32,641,1,3,76.8,0
CUST-01091,31,16,2,1,0,16647.53,21780.75,752,0,11,52.0,0
CUST-01092,45,41,2,0,1,7010.74,43899.3,680,0,12,59.0,0
CUST-01093,24,23,1,1,1,2161.26,9315.98,646,0,19,77.8,0
CUST-01094,46,71,1,1,1,17314.84,17986.33,581,0,15,67.7,0
CUST-01095,30,33,2,1,1,12541.1,16583.74,622,0,12,52.8,0
CUST-01096,26,49,2,1,1,3941.22,26745.75,785,0,11,72.6,0
CUST-01097,33,72,1,1,0,9273.03,33701.94,604,0,7,76.6,0
CUST-01098,30,45,2,1,1,6035.26,7994.46,660,1,11,79.3,0
CUST-01099,43,54,4,1,0,15359.06,0.0,610,0,10,82.7,0
CUST-01100,57,31,2,1,1,8761.2,28576.59,646,0,15,54.6,0
CUST-01101,48,77,1,1,1,14346.87,33801.51,799,1,22,47.0,0
CUST-01102,46,99,2,1,1,11919.16,17334.81,546,1,8,0.0,0
CUST-01103,33,42,1,0,0,6342.04,8874.78,596,0,14,73.0,0
CUST-01104,37,19,2,0,1,9892.46,0.0,565,0,18,66.2,0
CUST-01105,41,52,1,0,0,16412.81,9505.77,661,1,1,68.8,1
CUST-01106,39,101,2,1,0,12521.63,10691.63,688,0,11,83.9,0
CUST-01107,41,43,2,0,0,4816.11,853.95,561,0,6,64.9,0
CUST-01108,25,93,2,1,0,18545.43,5868.48,574,0,19,39.9,0
CUST-01109,61,23,2,0,0,10926.05,0.0,645,0,19,84.2,0
CUST-01110,24,44,1,0,1,2989.68,0.0,691,0,12,63.8,1
CUST-01111,38,80,2,1,0,14806.48,9524.99,571,1,7,76.9,0
CUST-01112,49,57,1,1,1,5900.26,12303.35,605,0,17,76.9,1
CUST-01113,31,36,3,1,0,2321.44,27516.02,572,1,23,77.0,0
CUST-01114,52,102,2,1,1,7863.43,20040.87,518,0,9,63.4,0
CUST-01115,23,48,4,1,0,5334.53,27771.62,617,0,12,77.5,0
CUST-01116,31,53,1,1,1,17880.21,17355.92,489,0,3,57.6,1
CUST-01117,18,42,1,1,0,10794.2,22950.86,638,0,18,69.7,0
CUST-01118,52,24,2,1,0,9251.58,23523.22,630,0,10,31.3,0
CUST-01119,25,55,1,1,1,6875.07,21333.59,689,1,8,65.2,1
CUST-01120,31,88,1,1,1,7101.83,0.0,656,0,16,70.7,0
CUST-01121,49,45,3,0,1,18133.0,28229.45,575,0,6,56.2,0
CUST-01122,43,87,1,1,1,8993.86,19027.4,629,2,6,15.7,1
CUST-01123,52,23,2,1,0,14789.51,2399.15,592,0,9,45.8,0
CUST-01124,47,55,1,0,0,3154.04,3058.23,618,0,0,32.6,1
CUST-01125,50,69,2,1,1,7958.59,23787.78,581,0,5,75.7,0
CUST-01126,34,65,1,1,1,3450.84,22200.46,641,0,22,58.1,1
CUST-01127,38,44,3,0,1,4406.58,18727.59,688,1,9,44.0,0
CUST-01128,48,1,2,0,1,9412.5,0.0,651,0,14,52.9,0
CUST-01129,48,45,2,1,1,21907.52,18970.74,597,0,10,37.9,0
CUST-01130,51,76,2,1,1,14138.55,42058.48,674,0,18,25.9,0
CUST-01131,30,68,4,0,0,8919.89,22800.18,561,0,11,33.3,0
CUST-01132,26,46,1,1,0,17283.03,36248.06,725,0,16,66.3,0
CUST-01133,24,90,2,1,1,12951.16,1412.72,704,1,23,42.6,0
CUST-01134,34,17,1,0,1,13369.23,0.0,735,1,11,61.3,0
CUST-01135,38,62,1,1,1,11403.6,0.0,595,0,3,49.0,0
CUST-01136,25,99,2,1,1,19446.22,29565.85,615,0,9,41.9,0
CUST-01137,37,97,1,1,1,1500.0,36675.01,570,0,18,28.7,0
CUST-01138,47,108,1,0,1,7140.82,5163.5,685,0,14,76.5,1
CUST-01139,51,12,3,1,0,8896.27,14176.93,657,0,20,30.2,0
CUST-01140,32,37,1,1,1,10171.39,18670.35,647,0,5,49.3,0
CUST-01141,46,54,1,1,1,4260.55,12702.81,653,1,6,89.8,0
CUST-01142,24,73,3,0,0,1500.0,18031.18,621,0,9,57.4,1
CUST-01143,31,13,3,0,0,13666.85,18177.66,603,0,10,64.2,0
CUST-01144,41,58,1,0,1,13829.84,16458.41,475,0,18,58.8,0
CUST-01145,31,24,2,0,1,5278.65,9795.1,659,0,21,64.2,0
CUST-01146,30,46,2,1,1,7931.5,28080.32,693,0,13,72.0,0
CUST-01147,42,1,3,1,1,1500.0,28131.03,554,0,14,55.4,1
CUST-01148,27,68,2,1,0,5189.46,8434.45,726,0,9,74.6,0
CUST-01149,41,1,2,1,1,7083.02,21295.68,566,0,10,19.3,0
CUST-01150,38,61,3,1,0,9285.89,25404.86,599,1,3,49.9,0
CUST-01151,45,11,1,1,1,6697.76,18432.26,505,0,12,45.9,1
CUST-01152,48,25,1,1,1,10982.72,15078.85,625,0,18,53.2,1
CUST-01153,41,67,1,1,1,12810.58,27162.55,578,1,7,48.6,0
CUST-01154,33,58,1,0,1,8090.4,13917.82,697,0,10,39.7,0
CUST-01155,51,11,2,1,1,9927.89,11984.05,690,0,18,49.4,1
CUST-01156,42,1,2,1,0,1865.79,32334.75,668,2,24,44.6,1
CUST-01157,29,54,1,0,1,5636.78,18897.35,634,1,8,68.8,1
CUST-01158,41,55,4,0,1,13503.1,18888.46,653,1,6,67.9,0
CUST-01159,32,3,1,0,0,4988.12,1651.15,704,0,16,49.1,0
CUST-01160,18,102,1,1,1,7344.86,16446.31,580,1,4,44.6,0
CUST-01161,28,75,1,1,0,7204.22,30754.44,685,0,14,57.8,0
CUST-01162,35,4,4,0,1,8201.71,29997.94,628,0,5,71.5,1
CUST-01163,34,75,2,0,0,8987.48,21728.17,557,0,14,59.7,1
CUST-01164,21,8,1,1,1,3634.84,2752.41,631,1,9,49.2,0
CUST-01165,35,95,2,1,0,13226.76,44694.88,638,0,8,60.4,0
CUST-01166,44,99,2,1,1,14371.35,20099.8,780,0,15,38.3,0
CUST-01167,26,102,3,0,1,8244.03,23068.02,634,0,13,76.1,0
CUST-01168,42,10,1,1,1,10391.23,1960.59,731,0,9,41.5,1
CUST-01169,18,38,2,1,1,9430.55,13440.12,783,0,8,74.9,1
CUST-01170,45,10,2,1,0,11851.0,20293.38,681,1,2,67.7,1
CUST-01171,32,19,1,1,1,8251.1,2812.94,689,1,13,64.7,1
CUST-01172,23,110,2,1,0,18869.66,18247.19,657,0,16,70.9,0
CUST-01173,52,53,3,1,0,14135.69,6241.1,583,0,21,32.7,1
CUST-01174,45,41,2,1,1,6784.39,39688.07,712,0,8,80.9,0
CUST-01175,51,43,2,1,0,3575.98,4933.63,753,0,18,74.3,0
CUST-01176,43,23,1,1,1,15458.22,21598.68,537,0,10,100.0,0
CUST-01177,43,32,1,1,0,7425.38,32198.08,509,0,9,43.7,0
CUST-01178,35,64,2,1,1,2625.19,7793.4,728,0,16,60.8,1
CUST-01179,44,39,2,1,1,14719.3,5954.04,590,0,21,70.8,0
CUST-01180,38,37,3,0,0,3306.12,9346.26,666,0,13,43.1,0
CUST-01181,31,43,2,0,0,7375.59,31057.72,680,0,1,47.0,0
CUST-01182,37,51,1,1,0,4389.12,13538.02,529,0,2,65.4,1
CUST-01183,24,43,3,1,0,9232.07,21046.55,562,0,27,80.1,0
CUST-01184,39,33,1,0,1,10999.06,32817.44,657,0,14,61.5,1
CUST-01185,44,35,2,1,1,8486.99,19558.93,670,0,28,100.0,1
CUST-01186,41,62,1,1,0,5715.66,6128.23,692,3,19,66.4,1
CUST-01187,46,38,1,1,1,10349.99,0.0,522,0,8,53.9,1
CUST-01188,35,42,1,0,1,12839.35,12694.27,659,0,9,21.1,1
CUST-01189,40,28,4,0,1,14861.72,19836.4,647,1,11,58.5,0
CUST-01190,39,45,1,1,1,10226.57,23705.98,678,0,7,33.1,0
CUST-01191,62,64,1,1,0,1500.0,0.0,677,0,14,75.1,0
CUST-01192,24,1,2,0,0,12460.44,777.66,655,1,7,88.0,0
CUST-01193,63,54,1,1,1,11463.07,13730.41,741,1,15,67.4,0
CUST-01194,30,67,2,1,0,9564.48,37500.13,697,2,18,54.5,0
CUST-01195,35,49,4,1,1,5829.98,9480.73,828,1,11,42.0,1
CUST-01196,42,29,2,1,1,7445.59,29027.92,646,0,16,65.6,1
CUST-01197,46,77,2,1,0,14139.21,33866.12,575,0,11,64.1,0
CUST-01198,39,78,1,1,1,11392.07,21807.25,709,1,17,71.6,0
CUST-01199,42,21,1,1,1,7706.91,31459.27,655,1,20,53.2,1
CUST-01200,56,62,1,0,1,4049.31,0.0,647,1,13,17.5,1
CUST-01201,70,55,1,1,1,13972.35,40811.83,806,0,19,46.8,0
CUST-01202,44,1,1,1,0,4867.06,7611.58,682,1,19,70.3,0
CUST-01203,47,58,2,0,0,14272.5,16138.6,619,0,9,66.9,0
CUST-01204,38,6,3,1,0,7470.38,20624.06,631,0,16,31.2,1
CUST-01205,59,49,2,1,0,7303.94,43352.54,659,0,20,89.5,0
CUST-01206,38,3,2,1,0,12930.9,43575.4,665,0,14,69.4,0
CUST-01207,45,64,1,1,0,8814.54,19933.82,574,0,9,39.8,0
CUST-01208,27,119,3,1,0,7500.93,22745.35,564,0,2,62.0,0
CUST-01209,18,29,1,0,0,13274.0,21631.71,633,1,15,44.6,0
CUST-01210,66,19,1,1,1,7725.3,27292.67,653,0,17,67.3,0
CUST-01211,52,1,1,1,1,1500.0,16328.01,649,0,9,90.6,1
CUST-01212,50,17,2,1,1,12861.13,10779.11,604,0,15,82.2,0
CUST-01213,28,79,2,0,1,10306.08,6894.11,535,0,11,72.2,0
CUST-01214,20,49,1,1,0,4975.6,13706.97,661,0,13,68.6,0
CUST-01215,36,1,2,0,1,4448.8,3284.99,709,0,21,81.9,0
CUST-01216,41,41,1,1,1,3413.07,0.0,677,1,3,55.5,0
CUST-01217,48,36,3,0,0,8906.48,6712.28,644,0,18,49.4,1
CUST-01218,39,66,1,1,0,10859.84,24112.74,655,1,24,54.9,0
CUST-01219,54,33,2,1,1,16080.35,25884.96,684,0,8,45.3,1
CUST-01220,43,60,3,1,1,13940.32,29149.58,553,1,19,59.4,0
CUST-01221,43,45,1,1,0,20424.35,4889.33,643,0,14,42.8,1
CUST-01222,53,1,3,0,0,5888.51,24110.04,846,0,8,47.5,0
CUST-01223,31,16,3,1,1,12152.05,20714.25,516,0,13,67.9,0
CUST-01224,44,87,1,1,1,14396.08,0.0,743,0,9,70.0,0
CUST-01225,33,59,1,1,1,6183.84,31447.93,629,0,5,47.1,1
CUST-01226,31,54,1,1,1,9777.48,17333.96,753,0,20,52.4,0
CUST-01227,57,47,1,0,1,11621.05,36090.14,718,0,15,73.2,0
CUST-01228,52,1,2,1,0,10355.16,10827.65,757,0,4,64.6,0
CUST-01229,46,40,1,1,1,1500.0,15911.65,607,1,21,29.7,0
CUST-01230,55,61,1,0,1,10283.47,22554.79,543,0,6,35.9,0
CUST-01231,44,70,3,1,0,1560.65,9612.21,580,0,6,44.6,0
CUST-01232,55,80,2,1,1,7090.39,0.0,651,0,11,36.8,0
CUST-01233,29,60,1,1,0,11101.6,14942.92,617,1,13,60.0,1
CUST-01234,38,66,2,0,1,6846.63,14785.92,718,0,16,91.4,1
CUST-01235,44,31,1,1,0,14627.17,38891.72,695,0,14,34.3,1
CUST-01236,27,91,1,1,1,8156.73,27740.81,586,1,9,67.9,0
CUST-01237,31,19,2,0,1,14201.36,12245.79,620,0,11,49.5,0
CUST-01238,25,59,2,1,1,9251.4,0.0,488,0,13,77.9,0
CUST-01239,47,41,1,1,0,10149.08,11319.71,667,0,13,32.4,1
CUST-01240,34,87,2,1,0,7223.82,7058.04,665,0,20,42.4,1
CUST-01241,43,45,3,1,1,16595.09,0.0,665,0,10,56.9,0
CUST-01242,46,71,2,1,1,11122.57,17587.08,534,0,6,69.5,0
CUST-01243,37,28,4,1,1,18508.45,2642.25,555,0,20,50.5,0
CUST-01244,40,85,1,1,1,15916.08,2796.79,757,0,12,49.4,1
CUST-01245,41,78,2,0,1,12399.92,12925.78,641,1,14,70.2,0
CUST-01246,44,96,1,0,0,16225.06,0.0,681,0,8,27.1,0
CUST-01247,55,41,1,1,1,3914.13,22594.83,768,1,9,47.7,0
CUST-01248,26,77,2,0,1,7813.72,26112.45,686,0,4,61.1,0
CUST-01249,40,71,4,1,1,4891.11,14140.09,592,0,11,58.4,0
CUST-01250,25,84,1,1,1,10658.41,30356.43,603,0,20,56.1,0
CUST-01251,57,72,1,0,0,9405.81,18819.15,567,0,10,57.7,0
CUST-01252,18,55,3,1,1,4003.07,10279.11,643,1,9,63.4,0
CUST-01253,41,85,1,1,0,11846.3,9700.29,670,1,10,33.3,0
CUST-01254,34,1,1,1,0,11259.63,42698.12,850,0,14,30.6,1
CUST-01255,33,40,1,0,0,13248.19,2283.51,611,0,19,54.5,0
CUST-01256,48,24,1,1,1,4896.33,0.0,601,1,11,36.3,1
CUST-01257,46,85,1,0,1,6236.3,7071.54,539,0,19,61.4,0
CUST-01258,28,45,1,1,1,9774.69,24210.84,624,0,8,44.3,0
CUST-01259,45,73,1,0,0,14746.04,9403.45,585,0,10,26.7,0
CUST-01260,43,55,1,1,1,16336.4,13122.53,689,0,0,48.4,0
CUST-01261,31,83,2,0,1,15457.83,787.3,683,1,3,48.8,0
CUST-01262,22,75,2,1,1,10614.39,3270.21,561,1,15,51.0,0
CUST-01263,49,51,1,0,1,12516.03,15134.71,577,1,3,80.5,1
CUST-01264,48,66,3,1,1,19150.63,0.0,646,2,10,37.2,0
CUST-01265,45,51,4,1,1,12720.59,0.0,732,1,17,57.2,0
CUST-01266,33,37,3,1,1,5662.61,21749.59,477,0,0,42.6,0
CUST-01267,54,66,1,1,0,11673.86,22278.79,705,1,7,57.1,0
CUST-01268,80,97,1,1,0,13939.34,16365.34,541,0,6,79.4,0
CUST-01269,41,77,2,0,1,5291.62,42451.36,607,0,4,97.0,0
CUST-01270,46,27,2,1,1,15505.21,16267.82,512,1,7,44.6,1
CUST-01271,30,76,2,1,0,11788.05,21147.7,734,0,18,56.4,0
CUST-01272,30,26,1,1,0,4760.12,26124.15,757,0,9,58.1,1
CUST-01273,60,1,3,1,1,8294.7,0.0,637,0,3,49.1,1
CUST-01274,66,22,2,1,1,6484.79,11975.05,800,0,7,47.9,1
CUST-01275,36,55,2,0,1,12270.75,12190.18,673,0,12,10.6,1
CUST-01276,31,6,1,1,1,21996.57,18481.18,669,0,3,52.5,1
CUST-01277,28,56,1,1,0,8906.53,0.0,588,0,20,80.3,1
CUST-01278,32,85,2,0,0,14686.46,17478.39,607,0,15,43.4,0
CUST-01279,40,48,1,1,0,1500.0,12594.18,600,2,19,57.7,0
CUST-01280,24,63,1,1,0,6143.11,24558.76,655,0,17,27.4,0
CUST-01281,31,41,1,1,1,11272.82,19079.05,729,0,14,57.7,0
CUST-01282,50,1,1,0,0,12351.25,18309.14,655,0,19,73.7,1
CUST-01283,37,57,3,1,0,10447.67,52131.81,583,0,16,66.5,0
CUST-01284,30,27,3,1,0,9515.61,37611.41,742,0,15,50.6,0
CUST-01285,25,58,1,1,0,8801.13,19788.44,696,2,17,36.5,0
CUST-01286,52,1,1,1,1,12218.55,26518.63,816,0,3,57.5,1
CUST-01287,27,55,1,0,1,20975.72,15105.52,604,0,15,66.8,0
CUST-01288,37,66,1,0,1,13101.19,21499.72,723,0,13,47.5,0
CUST-01289,51,92,1,1,1,12504.7,11813.29,770,0,15,47.8,0
CUST-01290,45,57,1,0,0,11917.89,31973.46,639,0,3,79.4,0
CUST-01291,42,10,1,1,1,2526.86,28083.77,634,0,17,75.9,1
CUST-01292,43,51,1,1,1,7809.65,0.0,677,1,18,51.6,1
CUST-01293,28,1,3,1,0,19684.03,0.0,638,1,10,68.2,0
CUST-01294,30,1,1,1,0,1795.32,10799.79,725,0,12,39.0,0
CUST-01295,33,57,1,1,0,15902.53,24930.93,727,0,28,84.0,0
CUST-01296,18,67,2,1,0,9925.81,11421.96,711,1,21,40.8,0
CUST-01297,34,57,2,1,1,9031.99,12235.03,634,0,4,28.7,0
CUST-01298,38,86,2,0,0,18596.23,9767.65,665,0,6,63.4,0
CUST-01299,38,74,1,1,1,7775.73,22280.86,680,0,8,23.0,0
CUST-01300,38,67,1,0,0,7023.19,23937.62,665,0,8,76.8,0
CUST-01301,41,1,1,0,1,12324.68,253.16,696,0,9,72.9,0
CUST-01302,42,29,2,0,1,14232.45,26932.62,616,0,9,46.2,0
CUST-01303,59,55,2,1,1,14209.08,0.0,658,1,15,53.2,0
CUST-01304,41,7,1,1,0,13470.7,32947.37,647,0,11,70.0,0
CUST-01305,49,13,4,1,0,8150.67,15069.33,629,2,11,76.6,0
CUST-01306,32,4,4,1,0,9923.58,0.0,747,0,10,70.6,0
CUST-01307,43,30,1,1,0,9120.34,33096.7,791,0,11,64.3,0
CUST-01308,43,55,1,1,1,10396.31,28503.52,787,0,8,25.0,1
CUST-01309,36,86,4,0,0,7647.4,16155.61,665,0,17,63.7,0
CUST-01310,19,51,1,1,1,3361.58,24331.74,556,1,13,55.2,0
CUST-01311,23,39,3,1,0,9511.95,31086.47,574,1,10,44.3,0
CUST-01312,44,18,1,1,0,11686.64,35821.9,649,0,11,82.8,0
CUST-01313,39,89,1,1,1,13019.22,23944.76,634,0,13,47.8,0
CUST-01314,36,57,2,1,1,12186.17,10955.18,591,1,9,50.7,0
CUST-01315,31,72,1,1,0,16526.72,4467.23,788,0,9,64.9,0
CUST-01316,40,19,1,1,1,11242.09,11356.59,583,0,11,49.9,1
CUST-01317,46,12,1,0,1,11369.84,16390.0,529,0,14,50.8,1
CUST-01318,61,57,1,0,0,8276.05,51790.86,758,2,13,68.4,1
CUST-01319,39,53,2,0,0,10236.16,2014.73,625,0,7,50.8,0
CUST-01320,37,86,2,1,1,8477.45,27894.18,704,0,5,77.3,0
CUST-01321,43,30,1,0,1,1500.0,2641.74,639,0,0,75.1,0
CUST-01322,53,42,3,1,1,9010.83,0.0,703,0,28,20.6,0
CUST-01323,67,34,1,1,1,13115.29,15860.85,511,0,15,64.1,0
CUST-01324,46,81,2,0,1,5378.11,18862.35,635,0,7,39.3,0
CUST-01325,22,25,1,1,0,7392.07,18298.03,661,0,21,59.6,0
CUST-01326,40,73,3,1,1,7925.29,23866.61,690,0,13,52.0,0
CUST-01327,26,48,3,1,0,17338.45,28131.4,607,1,16,70.3,0
CUST-01328,28,66,1,0,1,8414.44,0.0,707,0,14,66.6,1
CUST-01329,61,90,4,1,1,9066.91,36053.26,741,0,16,40.0,0
CUST-01330,35,65,1,0,1,7406.3,37603.39,694,1,8,32.6,1
CUST-01331,31,108,1,1,1,7815.09,19897.37,725,0,17,54.4,0
CUST-01332,56,60,1,1,0,9409.87,29101.6,563,0,11,84.6,0
CUST-01333,40,1,1,0,0,16729.24,20461.96,615,0,22,64.6,0
CUST-01334,26,61,2,1,1,11311.3,6487.02,760,2,16,40.1,0
CUST-01335,40,43,1,1,1,3303.89,17405.06,717,0,19,38.4,0
CUST-01336,23,23,2,1,0,12129.77,0.0,521,0,10,81.9,0
CUST-01337,29,43,1,0,0,11196.23,30898.64,599,0,3,20.6,0
CUST-01338,42,23,3,1,1,10580.49,19820.07,772,0,15,34.3,0
CUST-01339,18,62,1,1,1,19124.45,2982.84,569,0,18,63.8,0
CUST-01340,48,58,1,1,1,4680.72,12392.3,644,1,14,35.5,1
CUST-01341,43,76,2,1,1,8803.25,13321.35,534,2,4,52.9,0
CUST-01342,50,68,2,0,0,9627.38,13644.5,694,1,3,33.9,1
CUST-01343,35,69,1,1,1,4947.61,8915.93,701,0,10,76.5,0
CUST-01344,45,8,1,0,1,6280.42,14296.49,752,1,15,83.7,0
CUST-01345,28,41,2,1,0,6130.85,5841.48,715,0,6,33.9,0
CUST-01346,29,1,2,1,0,12383.16,0.0,536,0,6,27.3,1
CUST-01347,41,67,3,1,1,5142.27,8854.77,570,3,10,49.7,1
CUST-01348,40,49,1,0,0,12706.53,12075.19,654,0,10,38.4,1
CUST-01349,40,57,1,0,0,7083.09,9210.54,636,1,17,51.8,0
CUST-01350,56,46,2,1,1,7954.89,25279.47,635,0,15,65.3,1
CUST-01351,36,58,2,0,0,1500.0,9101.08,581,0,6,60.6,0
CUST-01352,45,1,1,0,1,10279.22,25042.54,710,0,9,91.1,0
CUST-01353,44,59,3,1,1,7335.55,33590.06,758,0,15,79.0,0
CUST-01354,42,101,1,0,0,4387.51,32076.72,550,2,0,99.3,0
CUST-01355,45,60,1,1,1,15459.81,4322.2,609,1,14,80.5,0
CUST-01356,19,35,2,1,0,5127.87,29524.65,658,0,15,58.1,0
CUST-01357,33,88,1,1,1,6868.89,17075.37,707,1,16,57.9,1
CUST-01358,53,58,3,0,1,2711.76,35068.8,669,0,19,73.9,0
CUST-01359,36,60,1,1,0,4489.7,9347.33,684,1,6,40.4,0
CUST-01360,48,108,1,1,0,8532.88,13921.71,590,0,19,65.6,0
CUST-01361,45,63,1,1,0,1500.0,3809.34,601,0,3,83.9,0
CUST-01362,18,29,2,1,0,1500.0,28154.11,709,1,20,83.9,1
CUST-01363,24,23,4,1,1,9746.95,25199.64,752,0,21,33.0,0
CUST-01364,32,82,4,1,0,7553.92,30368.39,850,0,22,38.9,0
CUST-01365,32,1,3,0,1,14117.89,11239.42,751,1,11,3.9,1
CUST-01366,34,33,2,1,0,4954.39,24292.72,679,0,14,62.8,0
CUST-01367,35,28,1,1,0,12940.9,38433.96,620,0,10,77.4,0
CUST-01368,30,78,1,1,1,16584.39,0.0,663,1,17,29.3,1
CUST-01369,32,42,1,1,1,11289.71,52948.61,583,0,6,85.6,1
CUST-01370,18,54,2,0,1,15729.5,17534.44,630,0,16,57.5,1
CUST-01371,63,1,1,1,1,10409.07,19204.47,744,0,9,38.3,0
CUST-01372,56,33,1,0,1,6444.48,30856.27,673,0,3,45.1,0
CUST-01373,50,47,4,1,1,6551.07,40776.24,706,0,12,31.8,1
CUST-01374,39,47,1,1,0,16437.47,0.0,520,0,4,39.9,1
CUST-01375,29,48,1,1,0,15822.66,6027.27,698,0,8,57.3,0
CUST-01376,69,66,1,1,0,13498.68,9347.2,583,1,16,42.4,0
CUST-01377,28,56,2,1,1,13663.57,15568.44,702,1,24,42.2,1
CUST-01378,57,88,1,0,1,14303.97,32258.9,632,1,20,37.5,0
CUST-01379,43,32,2,1,1,12170.04,48680.36,666,0,20,54.7,0
CUST-01380,29,44,4,1,0,10761.7,10208.1,625,0,16,91.1,0
CUST-01381,30,35,2,0,1,16945.1,16679.24,684,0,23,55.1,0
CUST-01382,35,95,2,1,0,14348.69,13052.31,595,1,8,60.0,0
CUST-01383,32,86,4,0,1,13173.91,11473.36,482,0,11,23.0,0
CUST-01384,23,8,1,1,1,9826.81,0.0,559,0,8,50.6,0
CUST-01385,45,10,1,1,1,10365.08,3479.87,790,1,11,24.4,0
CUST-01386,29,75,2,1,0,7993.79,9248.87,515,0,13,24.0,0
CUST-01387,49,79,3,1,1,9472.11,0.0,699,1,13,70.5,0
CUST-01388,38,64,2,1,0,6390.51,31174.76,774,0,3,80.2,1
CUST-01389,41,4,1,0,0,23366.56,15531.56,643,0,8,32.7,0
CUST-01390,41,31,1,0,1,11658.11,12602.44,669,1,7,65.8,0
CUST-01391,35,28,2,1,1,2350.53,18795.5,544,0,9,32.0,0
CUST-01392,38,40,3,1,0,14174.66,6287.34,635,1,17,62.8,0
CUST-01393,42,43,1,1,1,5746.18,39296.27,615,0,9,41.9,0
CUST-01394,67,1,4,0,1,3247.51,14017.95,718,0,27,46.7,1
CUST-01395,24,28,1,0,1,3027.02,16537.91,621,1,9,64.3,1
CUST-01396,31,32,1,1,1,14066.05,43422.63,569,0,8,40.9,1
CUST-01397,35,1,1,1,1,1500.0,0.0,673,0,5,48.3,0
CUST-01398,25,98,1,1,1,8542.17,5985.33,669,0,12,51.7,0
CUST-01399,24,98,2,1,0,1500.0,9016.31,720,0,22,59.3,0
CUST-01400,21,23,1,0,0,9508.77,0.0,704,1,0,60.6,0
CUST-01401,39,32,1,1,0,20878.66,7025.03,687,1,6,72.3,1
CUST-01402,33,33,3,0,0,12754.36,20824.77,663,0,19,0.0,1
CUST-01403,41,25,1,1,1,11202.4,17766.93,797,0,10,62.7,0
CUST-01404,22,65,2,0,1,10247.39,1880.12,605,1,4,33.6,0
CUST-01405,29,15,1,1,0,9795.74,15098.46,712,1,14,79.3,0
CUST-01406,50,76,2,0,1,6746.28,24989.61,676,1,23,43.4,0
CUST-01407,48,67,1,0,1,3246.59,0.0,646,1,24,43.6,0
CUST-01408,21,48,2,1,0,15457.42,18231.39,653,0,12,17.2,1
CUST-01409,49,107,2,1,1,6183.58,14026.97,614,0,6,36.6,0
CUST-01410,33,73,1,1,0,11441.58,10361.75,538,0,8,52.6,0
CUST-01411,26,37,3,1,1,5812.99,31366.95,652,1,12,27.4,1
CUST-01412,48,42,2,0,1,12973.86,13308.1,625,4,8,43.8,0
CUST-01413,50,83,1,1,1,13059.93,20939.0,614,0,13,25.2,0
CUST-01414,18,25,2,1,1,7275.13,0.0,690,0,10,74.0,0
CUST-01415,50,16,1,1,1,1500.0,18935.96,679,1,23,67.0,0
CUST-01416,33,73,1,0,1,9573.66,32870.09,691,0,11,14.2,0
CUST-01417,33,70,1,0,0,9826.59,25917.66,603,3,5,62.1,0
CUST-01418,35,26,2,1,1,6470.9,45448.4,561,0,1,32.8,1
CUST-01419,52,106,2,0,1,6900.97,45891.04,487,1,14,75.0,0
CUST-01420,54,36,2,0,1,12266.95,12112.34,540,0,4,84.5,0
CUST-01421,43,80,4,1,1,2903.28,13614.22,692,0,14,63.2,0
CUST-01422,48,63,2,1,1,7194.24,19139.91,549,0,12,88.5,0
CUST-01423,64,24,1,0,1,16483.84,30182.9,742,1,12,65.7,1
CUST-01424,38,45,3,1,1,13174.68,19956.74,709,0,12,59.7,0
CUST-01425,27,1,2,1,0,10311.43,38891.89,626,1,17,66.6,0
CUST-01426,45,78,2,0,1,1500.0,20089.1,609,0,17,53.0,0
CUST-01427,47,51,2,0,0,15496.6,12669.33,609,1,1,51.6,1
CUST-01428,37,78,3,1,1,10816.58,0.0,643,1,14,30.0,0
CUST-01429,36,24,3,1,1,4931.7,0.0,703,1,15,57.9,1
CUST-01430,64,43,4,0,1,7544.02,30270.9,785,0,15,67.8,0
CUST-01431,36,7,2,1,0,9519.65,4223.95,640,0,12,37.0,1
CUST-01432,28,27,3,0,1,8328.32,0.0,635,0,8,60.3,0
CUST-01433,18,72,1,0,0,8181.86,25859.34,678,0,18,51.7,1
CUST-01434,49,65,3,1,0,12704.1,14448.29,728,2,15,45.4,0
CUST-01435,54,89,3,1,0,5225.86,36037.66,746,0,9,75.7,0
CUST-01436,25,81,1,1,0,4205.3,0.0,598,0,13,12.6,0
CUST-01437,46,54,1,1,1,9953.39,3755.23,660,0,2,49.6,0
CUST-01438,35,1,1,0,0,10133.96,26948.29,627,0,6,76.7,1
CUST-01439,40,92,2,1,1,8983.55,20279.19,765,0,6,79.9,0
CUST-01440,32,55,1,1,1,18497.64,24146.92,702,3,8,86.3,0
CUST-01441,39,144,2,1,1,3151.73,13330.32,693,0,10,71.4,0
CUST-01442,49,105,1,1,0,16655.39,11805.57,589,1,22,31.3,0
CUST-01443,33,68,1,1,0,10699.48,4.26,542,0,15,64.8,1
CUST-01444,31,56,2,1,0,12434.75,33323.06,596,0,15,77.1,0
CUST-01445,27,40,1,1,1,11286.91,25416.11,594,1,10,37.3,0
CUST-01446,52,17,1,1,1,16711.11,26744.3,779,0,12,52.8,0
CUST-01447,29,30,2,1,1,8069.5,9782.25,624,0,15,51.2,0
CUST-01448,46,48,1,1,1,5608.55,7012.14,681,3,10,67.1,1
CUST-01449,24,17,1,0,0,14972.35,14487.61,638,0,13,40.2,0
CUST-01450,18,40,1,1,1,10098.35,5293.17,658,0,8,34.3,0
CUST-01451,32,81,2,1,1,18292.07,31535.16,695,1,16,57.8,0
CUST-01452,42,19,2,1,1,11064.15,11075.39,666,0,11,48.6,1
CUST-01453,52,42,1,0,0,8684.33,23593.29,529,0,7,69.1,0
CUST-01454,49,40,2,1,0,6462.93,7373.13,775,1,17,44.9,0
CUST-01455,43,53,2,1,0,9888.53,25120.13,683,0,14,38.0,0
CUST-01456,18,21,2,1,0,16963.99,11365.06,589,1,3,38.9,1
CUST-01457,45,36,2,0,1,7324.42,14498.37,567,0,3,33.7,0
CUST-01458,21,1,2,0,0,7129.88,3247.45,635,1,0,80.7,0
CUST-01459,31,43,1,1,0,6403.06,23146.32,640,1,20,48.0,1
CUST-01460,60,69,1,0,1,12190.03,21642.58,774,0,14,34.5,0
CUST-01461,51,69,2,0,0,4751.86,19089.43,752,2,20,46.4,1
CUST-01462,26,82,2,1,1,3337.03,32130.13,676,0,11,56.5,0
CUST-01463,35,18,1,1,0,12372.79,1094.47,743,1,17,52.1,0
CUST-01464,48,57,1,1,1,14078.38,4373.15,571,0,10,47.9,0
CUST-01465,37,52,2,1,1,7711.1,11050.33,554,0,17,64.6,0
CUST-01466,36,41,1,1,1,9634.63,29592.76,680,3,0,84.6,1
CUST-01467,26,58,4,1,1,13614.23,0.0,672,0,12,88.5,0
CUST-01468,46,51,2,1,0,9280.85,0.0,458,0,19,33.0,0
CUST-01469,47,21,2,1,1,9201.15,17096.96,831,1,10,61.8,1
CUST-01470,30,98,1,0,1,7038.76,28839.45,721,1,19,57.2,0
CUST-01471,18,97,1,1,1,10030.91,8315.97,604,0,3,65.8,0
CUST-01472,61,12,4,1,0,9612.79,23512.42,775,2,4,82.3,1
CUST-01473,31,66,2,0,0,6326.06,15708.88,692,0,8,28.7,0
CUST-01474,44,30,3,1,1,14163.7,0.0,670,0,7,70.6,0
CUST-01475,29,73,1,1,1,17955.11,21224.22,696,0,15,28.7,0
CUST-01476,30,26,3,1,1,2918.97,18600.25,531,1,15,64.1,0
CUST-01477,51,14,1,0,0,7982.13,1907.42,716,2,20,53.8,1
CUST-01478,35,64,1,1,0,12771.92,8505.38,645,0,15,63.1,0
CUST-01479,48,33,1,1,0,8831.98,0.0,631,1,8,69.3,1
CUST-01480,49,57,2,0,0,9436.05,22615.61,626,1,11,52.6,0
CUST-01481,33,36,1,0,1,13363.12,16280.22,718,1,11,30.5,1
CUST-01482,43,16,2,1,0,1589.33,1576.34,482,1,8,37.8,0
CUST-01483,48,1,3,1,0,8837.2,9042.39,586,0,3,61.8,0
CUST-01484,54,79,1,1,1,11156.59,13800.88,768,2,13,68.4,1
CUST-01485,36,59,2,1,1,10727.43,31768.9,643,0,15,70.4,0
CUST-01486,39,1,1,1,0,1500.0,382.95,672,0,14,43.6,1
CUST-01487,28,16,2,1,1,8555.17,27465.2,793,0,15,39.5,1
CUST-01488,49,41,1,1,1,10209.95,1245.79,725,1,22,54.0,0
CUST-01489,41,88,3,0,1,13377.38,27099.69,644,0,10,73.0,0
CUST-01490,23,70,2,1,1,1779.66,278.77,660,0,19,43.4,1
CUST-01491,35,73,2,1,1,5821.54,9433.59,660,1,20,34.5,1
CUST-01492,38,60,3,1,1,21074.44,7637.54,674,0,12,38.2,0
CUST-01493,32,48,2,1,0,18415.4,8792.99,671,1,22,60.1,1
CUST-01494,31,52,1,0,0,6906.94,20990.33,684,2,9,59.6,0
CUST-01495,20,61,3,1,1,15424.81,20126.49,559,0,16,50.3,1
CUST-01496,41,31,1,0,1,8121.21,7362.51,734,0,9,60.4,1
CUST-01497,34,1,2,1,0,15347.39,12462.8,765,0,19,23.9,1
CUST-01498,50,60,1,0,1,5801.1,24037.87,670,2,7,49.1,0
CUST-01499,38,43,1,1,1,8194.11,20752.1,598,0,16,72.1,0
CUST-01500,49,3,1,0,1,13368.12,14706.66,689,0,11,75.6,0
CUST-01501,25,41,2,0,1,6505.08,28793.11,593,0,14,45.9,1
CUST-01502,44,83,4,1,0,4302.27,34773.68,749,1,13,35.3,0
CUST-01503,48,21,2,0,0,6125.5,1754.72,670,0,11,71.6,0
CUST-01504,48,38,1,1,1,7295.75,8344.71,754,0,11,87.9,0
CUST-01505,36,34,2,1,1,6939.6,16659.68,626,1,7,82.9,0
CUST-01506,29,22,2,1,1,10993.47,23393.62,801,0,8,37.8,0
CUST-01507,59,27,1,1,1,11170.12,15232.22,610,0,17,58.8,0
CUST-01508,37,42,2,1,1,7517.18,35791.2,687,1,4,38.5,1
CUST-01509,25,74,3,0,1,12725.22,27302.9,755,1,17,57.6,0
CUST-01510,37,51,1,1,0,3717.43,24456.76,699,0,20,33.3,1
CUST-01511,43,74,2,1,1,14960.22,15960.93,787,0,14,55.7,0
CUST-01512,31,42,1,0,1,15529.31,32190.66,572,1,4,82.3,0
CUST-01513,45,51,1,0,0,10562.14,21613.96,654,0,13,79.1,0
CUST-01514,50,1,4,0,0,10786.78,35155.41,690,0,17,37.9,1
CUST-01515,39,61,1,1,1,1969.65,18480.19,629,0,11,62.8,0
CUST-01516,52,75,2,1,1,9613.58,15438.32,717,0,11,69.8,0
CUST-01517,38,50,2,1,0,10085.63,20535.7,533,1,21,98.0,0
CUST-01518,34,79,3,1,1,12612.85,17264.3,583,0,14,61.9,0
CUST-01519,59,83,1,1,1,19181.93,8376.88,717,0,9,38.6,0
CUST-01520,47,53,2,0,0,3823.68,27353.2,628,2,4,45.4,0
CUST-01521,41,62,1,1,1,5854.67,21508.56,514,0,7,69.8,0
CUST-01522,18,106,4,0,1,8294.0,30869.2,682,1,9,79.9,0
CUST-01523,23,25,2,1,1,5359.62,13314.89,507,1,3,23.1,0
CUST-01524,20,60,1,1,1,12190.6,0.0,500,0,16,48.4,0
CUST-01525,39,103,4,1,0,6823.47,24367.31,649,0,14,32.3,0
CUST-01526,39,30,2,1,1,12580.28,0.0,666,1,5,84.2,0
CUST-01527,45,105,2,1,1,4245.03,0.0,683,1,7,72.1,0
CUST-01528,52,53,2,1,1,6279.23,11279.18,696,0,8,61.9,1
CUST-01529,21,30,2,0,1,16196.81,8636.53,691,0,6,72.9,0
CUST-01530,24,67,1,1,0,15801.54,14578.38,748,0,6,87.4,0
CUST-01531,29,73,3,0,1,11410.97,20759.19,671,1,9,53.3,0
CUST-01532,45,36,1,1,1,10153.29,0.0,598,0,20,59.1,1
CUST-01533,43,56,1,1,1,8711.59,3872.6,661,1,12,43.6,0
CUST-01534,27,39,1,1,0,11482.16,2070.9,568,0,8,100.0,0
CUST-01535,31,33,4,1,1,8980.03,10993.76,460,0,12,100.0,0
CUST-01536,44,62,1,0,1,8803.85,25974.3,602,0,8,81.9,0
CUST-01537,41,79,1,1,1,11366.02,30320.12,774,0,4,39.8,0
CUST-01538,52,26,1,1,1,9432.31,37029.26,575,0,7,59.0,1
CUST-01539,30,45,2,1,1,15337.76,19284.94,603,0,24,66.8,0
CUST-01540,38,110,2,0,1,7388.69,18648.03,641,0,13,60.7,0
CUST-01541,28,67,2,0,1,5695.46,23486.89,691,0,14,52.8,0
CUST-01542,53,6,2,1,1,11357.63,5947.37,735,1,15,49.6,1
CUST-01543,52,73,3,1,1,6836.73,22374.41,773,2,17,44.6,0
CUST-01544,46,15,1,1,1,12827.43,40737.67,716,0,13,52.2,1
CUST-01545,51,5,3,1,1,8077.72,24109.65,573,0,12,70.4,1
CUST-01546,56,48,2,1,1,11544.68,14628.07,682,1,15,73.2,0
CUST-01547,57,91,2,1,0,9577.23,16681.37,721,2,13,85.0,0
CUST-01548,60,78,1,1,1,7296.97,21056.57,802,0,24,42.1,0
CUST-01549,31,92,1,0,1,13125.59,21841.01,850,0,8,59.9,0
CUST-01550,30,74,3,1,0,1500.0,23384.2,653,0,10,34.0,0
CUST-01551,55,40,1,1,0,9581.59,0.0,719,0,12,34.5,1
CUST-01552,35,65,2,1,1,8437.59,30699.99,657,1,11,38.8,0
CUST-01553,19,102,4,0,1,13857.67,5639.07,715,1,19,66.8,0
CUST-01554,34,110,3,1,0,8652.79,58839.7,666,0,27,50.7,0
CUST-01555,52,3,1,0,1,15572.55,14936.95,669,1,11,23.4,0
CUST-01556,34,59,1,1,1,11048.39,22074.91,541,1,17,72.6,0
CUST-01557,49,30,1,1,1,3896.12,25337.37,628,0,8,92.0,0
CUST-01558,44,78,1,1,1,10115.68,6138.91,680,1,7,46.3,1
CUST-01559,24,70,1,1,1,6015.72,7879.07,545,0,10,63.7,0
CUST-01560,45,50,3,1,0,14227.7,12175.5,478,1,23,62.9,1
CUST-01561,40,29,2,1,1,8415.83,0.0,642,0,18,72.2,1
CUST-01562,33,63,1,0,1,3948.61,25679.12,666,0,20,42.4,0
CUST-01563,23,48,1,0,1,14164.3,16570.72,691,1,18,25.1,0
CUST-01564,59,54,1,1,1,10060.46,16260.93,714,2,11,28.5,0
CUST-01565,29,46,1,1,1,11564.34,11829.63,755,0,9,77.9,0
CUST-01566,18,60,1,1,1,3622.62,30587.84,495,1,7,76.9,0
CUST-01567,50,51,1,0,1,18153.23,33045.53,687,0,17,32.8,0
CUST-01568,35,74,4,1,0,10227.92,25461.56,631,0,8,26.0,0
CUST-01569,54,1,1,1,1,16265.26,1133.25,625,0,15,63.3,1
CUST-01570,39,43,1,1,0,5776.86,30702.62,683,1,15,38.9,0
CUST-01571,40,36,2,1,0,6137.12,0.0,557,1,23,51.8,0
CUST-01572,47,60,1,1,0,2987.49,0.0,699,0,17,73.5,0
CUST-01573,41,75,1,1,1,16457.95,20266.29,763,0,8,50.0,1
CUST-01574,41,56,1,1,0,12841.58,0.0,633,0,12,66.4,1
CUST-01575,53,52,2,0,1,11909.56,14937.72,808,0,13,33.1,0
CUST-01576,29,35,1,1,0,3466.22,14573.16,545,0,6,82.1,0
CUST-01577,47,72,2,1,1,19303.84,25582.6,610,0,1,29.8,0
CUST-01578,43,105,2,1,1,10914.13,0.0,711,0,13,55.9,0
CUST-01579,21,63,1,1,1,2824.99,18765.71,699,0,7,67.7,1
CUST-01580,53,57,1,1,0,8950.63,30059.83,587,1,9,20.6,1
CUST-01581,49,63,1,1,1,5781.55,12319.45,605,0,8,12.4,0
CUST-01582,58,34,2,0,0,12790.28,26219.76,734,0,8,67.4,0
CUST-01583,35,27,4,1,1,9866.34,0.0,491,0,14,46.2,0
CUST-01584,27,25,1,1,1,19634.64,12969.45,674,0,13,94.2,1
CUST-01585,77,55,2,1,1,4454.81,40728.92,717,0,6,32.4,1
CUST-01586,28,71,2,0,0,11689.73,24147.23,468,1,18,54.4,0
CUST-01587,30,58,3,0,1,11489.47,33822.68,671,0,12,42.4,0
CUST-01588,47,40,2,1,0,12610.0,20438.95,731,2,9,75.4,0
CUST-01589,35,68,2,0,0,12310.15,13583.2,558,0,11,97.4,0
CUST-01590,45,40,1,1,1,9542.25,14434.44,626,2,17,50.9,0
CUST-01591,24,60,1,1,1,13533.19,6041.52,536,0,5,33.5,0
CUST-01592,20,33,3,1,0,14708.58,0.0,536,0,5,71.1,1
CUST-01593,33,60,1,1,1,6300.67,16434.88,650,1,2,59.3,0
CUST-01594,48,22,3,1,1,15691.17,11689.56,669,0,18,53.0,1
CUST-01595,40,2,2,1,1,8661.16,11888.3,557,0,15,59.7,1
CUST-01596,54,65,1,1,1,2339.16,16745.9,554,3,7,51.5,1
CUST-01597,37,91,4,0,0,7499.88,29572.8,655,0,10,59.8,0
CUST-01598,42,36,3,1,1,1500.0,24671.28,719,0,17,82.3,0
CUST-01599,29,1,1,0,0,10006.02,0.0,475,0,8,65.1,1
CUST-01600,22,83,2,1,0,4347.78,21250.99,672,0,10,89.9,0
CUST-01601,25,54,1,0,1,12188.44,0.0,646,1,13,50.8,0
CUST-01602,30,119,3,1,1,9328.48,0.0,653,1,7,100.0,0
CUST-01603,64,93,1,0,0,7870.54,0.0,665,0,19,43.7,0
CUST-01604,25,34,3,1,0,10992.04,26336.45,737,0,10,46.1,0
CUST-01605,29,48,2,1,1,19585.35,7390.48,729,0,14,70.5,0
CUST-01606,56,64,2,1,0,8960.03,13752.16,736,1,9,56.8,0
CUST-01607,32,31,2,0,1,12578.52,20663.46,659,1,8,56.6,1
CUST-01608,47,96,1,1,0,11441.18,25637.77,571,0,20,55.7,0
CUST-01609,18,69,3,1,0,5112.55,32993.96,564,2,16,40.7,1
CUST-01610,28,26,1,1,0,7089.22,7319.33,706,0,15,25.5,0
CUST-01611,46,91,2,1,1,1500.0,21228.16,708,0,14,69.6,0
CUST-01612,20,11,2,0,0,17202.31,4541.41,785,0,7,39.2,0
CUST-01613,42,68,2,1,0,4263.12,9100.85,620,0,15,53.2,0
CUST-01614,40,12,2,0,1,14559.69,19142.36,685,0,12,70.3,0
CUST-01615,33,80,4,0,0,15741.63,14637.83,521,1,12,44.5,0
CUST-01616,37,26,2,1,1,9073.37,4388.39,734,1,11,22.8,0
CUST-01617,48,34,1,1,1,14173.96,9344.66,703,1,12,78.4,0
CUST-01618,39,59,1,1,1,13109.62,40389.71,598,0,7,52.0,0
CUST-01619,52,60,2,0,1,15028.34,21634.77,694,1,15,75.0,1
CUST-01620,49,61,2,0,1,2827.5,31331.45,735,0,10,100.0,0
CUST-01621,58,53,1,1,1,6735.83,30452.11,779,0,10,48.1,1
CUST-01622,35,20,1,1,1,4945.83,27378.85,648,1,15,85.1,0
CUST-01623,42,43,1,1,0,9031.33,0.0,602,0,13,62.2,1
CUST-01624,27,49,1,0,1,10600.94,4207.98,651,0,11,62.5,0
CUST-01625,47,59,1,0,0,7206.94,16579.29,641,0,17,61.1,0
CUST-01626,31,32,3,1,0,12418.47,31761.82,850,0,12,53.6,1
CUST-01627,47,72,1,1,1,7995.35,27265.81,667,0,11,67.0,0
CUST-01628,37,36,1,1,1,5807.51,19772.72,622,0,12,41.1,0
CUST-01629,38,29,1,1,1,14558.88,30143.2,698,1,13,87.9,0
CUST-01630,43,20,2,1,0,5445.18,19363.53,589,0,16,55.7,0
CUST-01631,31,20,3,1,0,14830.65,31268.33,748,0,21,56.1,0
CUST-01632,32,18,2,0,0,9401.16,12580.57,617,1,17,32.1,0
CUST-01633,32,29,1,0,1,4247.27,1163.26,668,1,18,70.5,0
CUST-01634,33,92,2,1,0,10524.66,0.0,584,0,9,66.3,0
CUST-01635,47,49,1,0,1,2781.45,0.0,579,0,0,55.3,0
CUST-01636,35,102,1,0,0,12512.6,7878.2,751,0,11,39.7,1
CUST-01637,33,1,1,1,1,18738.36,8708.98,697,0,13,61.5,0
CUST-01638,50,72,1,0,1,9034.13,22496.38,718,2,15,52.4,0
CUST-01639,48,69,1,0,0,10500.26,0.0,530,1,13,38.2,0
CUST-01640,38,1,3,1,0,5705.06,9062.11,532,1,9,55.5,0
CUST-01641,69,54,1,1,1,19246.38,6931.85,755,0,22,72.9,0
CUST-01642,27,54,2,1,0,10286.62,0.0,704,1,9,55.5,0
CUST-01643,59,60,1,1,1,12139.44,2597.88,746,0,4,54.7,0
CUST-01644,43,30,2,1,1,6721.88,13182.52,599,1,6,48.1,1
CUST-01645,52,62,2,0,1,12213.48,7947.7,522,0,15,29.0,0
CUST-01646,36,79,2,1,1,6514.05,35354.69,694,1,21,72.6,0
CUST-01647,54,18,1,1,1,5973.9,29991.28,636,0,7,52.4,1
CUST-01648,28,37,2,0,1,5693.6,18828.54,647,0,19,83.2,0
CUST-01649,49,66,1,1,0,13634.78,30407.59,598,0,10,13.8,0
CUST-01650,43,21,1,1,1,13266.41,7051.1,604,1,16,24.5,0
CUST-01651,51,74,3,1,0,4773.4,15086.88,799,1,17,24.5,0
CUST-01652,34,49,1,1,1,6927.58,26740.85,623,0,21,13.2,0
CUST-01653,45,76,3,1,1,13268.71,16076.53,550,0,11,68.9,0
CUST-01654,30,1,1,0,1,12997.28,33365.35,676,0,9,71.4,0
CUST-01655,36,77,2,1,1,3285.43,24271.69,701,0,5,49.4,0
CUST-01656,37,63,1,1,1,12046.17,0.0,679,1,3,100.0,0
CUST-01657,33,68,4,1,0,3317.88,21874.79,796,0,20,82.5,0
CUST-01658,34,27,4,0,1,21342.48,5587.26,798,0,12,53.7,0
CUST-01659,25,98,1,1,1,8152.21,6548.15,742,0,6,41.8,1
CUST-01660,38,26,1,1,1,10524.1,19952.82,729,0,3,49.7,1
CUST-01661,57,76,2,1,0,16472.21,40508.88,684,0,1,70.5,0
CUST-01662,74,46,1,1,0,4003.04,46579.88,453,0,10,67.1,1
CUST-01663,30,1,1,1,0,7400.66,10392.97,548,0,14,31.7,1
CUST-01664,31,68,2,1,1,7292.72,10763.12,678,0,5,62.3,0
CUST-01665,44,50,2,1,1,11160.65,197.01,603,0,13,44.1,0
CUST-01666,46,26,1,0,1,2892.32,502.45,642,0,6,73.9,0
CUST-01667,24,44,1,1,1,9966.38,11172.61,586,0,2,24.7,0
CUST-01668,18,131,1,0,0,12355.02,23780.33,490,0,11,29.3,0
CUST-01669,43,28,3,1,1,5413.38,11279.03,611,0,17,58.2,1
CUST-01670,56,78,4,1,0,14008.02,29672.85,540,0,5,66.0,0
CUST-01671,57,44,1,1,1,7944.31,18273.78,637,2,13,79.1,0
CUST-01672,40,54,2,0,1,6927.04,27845.76,617,0,5,41.9,0
CUST-01673,57,77,2,1,1,10555.4,6097.03,725,1,5,40.6,0
CUST-01674,38,77,2,0,1,6470.56,5735.93,576,0,11,66.6,0
CUST-01675,23,61,2,0,1,1500.0,4951.7,606,0,10,73.5,0
CUST-01676,38,18,1,0,0,14292.14,25847.66,584,2,2,81.6,1
CUST-01677,52,57,1,0,1,8701.86,19799.2,704,0,15,43.3,0
CUST-01678,41,55,2,0,0,8731.48,0.0,722,0,14,71.8,1
CUST-01679,33,30,1,1,0,7992.41,10295.38,665,0,7,64.1,1
CUST-01680,41,16,1,0,1,6597.95,17307.64,546,1,10,17.4,1
CUST-01681,44,85,1,0,1,12901.44,25673.8,726,0,23,74.2,1
CUST-01682,42,13,2,1,1,13419.36,2697.4,470,0,12,72.0,0
CUST-01683,44,69,2,1,1,5078.35,22836.78,551,1,4,17.3,0
CUST-01684,44,26,2,1,1,11497.6,16715.47,520,0,6,81.8,0
CUST-01685,53,68,4,1,0,12491.97,20032.54,566,0,9,53.8,0
CUST-01686,41,1,1,1,0,5648.12,1999.42,572,1,20,46.7,0
CUST-01687,38,75,2,1,1,13819.4,9316.57,681,1,24,60.6,0
CUST-01688,44,39,1,1,1,6178.73,13800.11,718,0,19,45.3,1
CUST-01689,47,20,2,1,0,15555.04,20556.33,669,0,21,71.5,0
CUST-01690,19,108,3,1,1,8806.28,34922.54,591,0,23,23.9,0
CUST-01691,54,47,1,0,0,8021.23,18813.36,663,0,13,43.8,1
CUST-01692,60,55,3,1,1,7780.77,23555.6,728,1,17,15.9,1
CUST-01693,40,53,3,1,0,8889.74,10267.29,679,1,4,66.1,0
CUST-01694,47,71,3,1,1,8047.0,14396.35,535,0,5,71.0,0
CUST-01695,31,32,2,1,1,3517.35,14544.38,593,1,9,57.6,0
CUST-01696,48,96,1,1,1,18813.3,24218.35,604,0,16,66.5,0
CUST-01697,30,24,1,0,0,9929.3,10084.98,696,2,0,47.7,1
CUST-01698,42,32,2,1,1,8645.4,919.96,619,2,8,49.9,0
CUST-01699,47,54,1,0,0,2970.53,14567.85,575,0,12,42.6,0
CUST-01700,31,112,1,0,0,3165.72,9239.76,523,0,2,57.0,0
CUST-01701,27,34,1,1,1,6451.87,14166.43,748,0,17,46.8,1
CUST-01702,36,60,1,1,0,14400.3,23386.41,726,1,16,64.1,0
CUST-01703,33,35,1,0,1,6353.91,188.85,645,0,8,87.7,1
CUST-01704,36,26,1,1,1,12884.26,3735.05,753,0,6,79.8,0
CUST-01705,27,57,1,0,1,9254.36,8328.33,419,0,12,52.1,0
CUST-01706,53,93,1,1,0,18250.41,31445.04,719,1,11,72.3,0
CUST-01707,37,9,1,1,0,12750.38,11038.37,666,1,10,91.2,0
CUST-01708,45,56,4,1,1,7075.35,12575.87,555,1,12,84.2,0
CUST-01709,20,64,3,1,1,9661.57,15502.66,664,0,8,48.2,0
CUST-01710,33,42,2,1,1,1500.0,34832.33,634,1,6,28.7,1
CUST-01711,59,39,1,1,0,13723.87,10529.89,618,1,0,69.1,0
CUST-01712,29,25,2,1,0,8495.61,37139.31,695,0,14,52.3,1
CUST-01713,43,36,2,1,0,2519.78,19702.08,807,1,7,50.8,0
CUST-01714,65,31,2,1,1,8587.08,8632.31,650,0,9,77.0,0
CUST-01715,40,77,2,0,0,1888.53,13304.91,750,0,15,51.3,1
CUST-01716,58,30,1,1,1,7490.96,11983.66,574,2,14,62.0,1
CUST-01717,29,58,2,1,0,10259.95,5583.38,638,0,15,56.8,0
CUST-01718,34,86,2,1,1,10762.8,0.0,605,1,11,41.0,0
CUST-01719,39,19,1,1,1,6120.61,6790.59,755,0,12,64.8,1
CUST-01720,33,21,2,1,1,11228.77,10800.54,717,0,11,36.7,1
CUST-01721,44,50,1,0,1,11993.43,37480.84,695,0,18,54.8,0
CUST-01722,19,32,3,1,0,8960.35,33181.92,569,0,21,62.1,0
CUST-01723,27,78,2,1,0,16159.82,18385.3,476,1,16,36.1,0
CUST-01724,56,72,2,1,0,12171.61,19394.63,624,0,8,55.5,0
CUST-01725,41,58,1,1,0,11052.29,9811.71,738,0,15,48.2,1
CUST-01726,46,84,1,1,1,13488.39,26881.3,629,0,17,26.9,0
CUST-01727,60,40,4,1,1,22250.33,27180.17,747,1,2,65.5,0
CUST-01728,19,52,1,1,1,15629.84,18318.45,615,1,15,74.8,0
CUST-01729,18,84,1,1,0,8714.92,4079.63,634,0,3,58.9,0
CUST-01730,61,121,2,1,1,2326.4,20153.03,595,1,22,42.5,0
CUST-01731,23,37,2,1,0,15036.58,23672.79,643,0,7,54.5,0
CUST-01732,41,39,1,0,0,8501.66,0.0,563,0,10,46.7,1
CUST-01733,20,96,1,1,0,14438.66,10687.88,723,1,17,71.2,0
CUST-01734,18,51,3,1,0,1500.0,12619.31,596,0,7,58.5,0
CUST-01735,39,6,2,1,1,9341.11,19401.6,595,1,13,57.0,0
CUST-01736,45,62,3,1,0,6153.88,590.78,569,0,11,63.7,0
CUST-01737,30,49,2,0,0,4961.48,0.0,596,1,13,66.2,0
CUST-01738,18,54,2,0,0,17790.2,21739.6,754,0,21,48.4,1
CUST-01739,43,77,1,1,1,6991.84,26081.69,816,2,5,81.1,0
CUST-01740,62,34,2,1,1,12807.13,39659.76,719,1,16,61.0,0
CUST-01741,19,33,2,0,0,10609.56,16303.06,681,0,17,68.5,0
CUST-01742,49,28,3,1,1,9239.92,15133.61,626,1,10,33.4,1
CUST-01743,43,86,2,0,1,8401.79,41934.88,617,1,18,37.0,0
CUST-01744,18,59,1,1,1,6718.56,13709.06,850,0,19,24.5,0
CUST-01745,52,1,1,1,0,3923.44,16928.72,667,0,17,70.9,0
CUST-01746,42,78,1,0,0,4977.78,46036.31,764,0,17,60.4,0
CUST-01747,38,62,2,1,1,13312.31,5056.99,681,0,12,85.8,0
CUST-01748,55,1,2,1,1,15412.42,0.0,512,0,20,64.3,0
CUST-01749,40,99,1,1,1,8244.06,22633.9,593,0,16,70.5,0
CUST-01750,55,105,3,1,1,7544.75,2667.24,689,0,20,51.1,0
CUST-01751,71,53,1,1,1,8326.43,24628.31,609,0,17,48.9,1
CUST-01752,42,69,2,1,1,8917.16,12758.22,610,0,10,43.2,0
CUST-01753,45,37,1,1,1,9114.24,17188.07,561,0,10,28.0,1
CUST-01754,33,35,1,0,1,10705.54,3293.69,707,0,13,55.2,0
CUST-01755,58,84,1,1,1,13704.57,0.0,672,2,7,60.2,0
CUST-01756,25,36,1,0,0,18498.52,14447.47,581,0,10,85.4,0
CUST-01757,34,35,3,0,1,4621.02,7676.86,609,0,6,88.7,0
CUST-01758,39,63,2,1,1,11792.27,357.09,644,0,15,30.3,1
CUST-01759,38,7,4,0,1,16887.61,11613.24,631,0,16,74.5,1
CUST-01760,31,36,2,1,1,8110.51,11272.63,557,1,15,49.3,0
CUST-01761,51,73,1,0,1,1500.0,25158.01,568,0,5,61.5,1
CUST-01762,36,1,2,0,1,7012.05,28860.47,646,0,9,45.8,1
CUST-01763,18,44,2,1,0,4470.05,10362.11,622,1,6,26.7,0
CUST-01764,54,35,4,1,1,8994.08,11571.39,619,2,0,33.1,1
CUST-01765,61,25,2,1,1,4899.53,3122.37,532,0,26,80.0,0
CUST-01766,33,10,2,1,1,5651.32,1222.15,723,0,18,73.3,0
CUST-01767,56,19,1,1,0,8192.35,19172.37,672,1,8,83.0,1
CUST-01768,34,27,2,1,1,6130.47,15465.62,680,1,8,72.6,0
CUST-01769,28,23,1,1,1,6577.54,18510.78,737,0,11,30.3,0
CUST-01770,29,40,1,1,1,15155.67,25309.67,603,0,12,37.9,0
CUST-01771,60,35,1,1,1,6258.77,28113.01,737,0,21,32.7,1
CUST-01772,56,16,1,0,1,7021.94,14290.15,609,1,18,49.8,1
CUST-01773,48,57,1,0,1,2591.64,24520.52,573,0,7,11.9,0
CUST-01774,28,55,1,1,1,2676.36,798.08,663,2,12,55.1,0
CUST-01775,50,5,1,1,0,6521.22,38989.37,701,1,15,44.7,1
CUST-01776,27,78,2,0,1,7612.88,22229.91,622,0,12,78.2,0
CUST-01777,48,42,2,0,1,8135.84,0.0,641,0,14,27.9,1
CUST-01778,33,65,2,0,0,8311.15,13062.18,613,0,12,82.4,1
CUST-01779,33,26,2,0,1,8613.67,0.0,750,1,8,46.1,0
CUST-01780,34,16,2,0,1,9354.64,12081.54,797,0,20,49.7,0
CUST-01781,18,49,3,1,1,8662.93,0.0,697,1,12,44.4,1
CUST-01782,19,18,1,1,0,13872.5,22035.51,685,1,1,60.4,0
CUST-01783,38,77,2,1,1,8092.31,10323.69,474,0,10,57.8,0
CUST-01784,27,111,2,0,1,6963.23,12927.85,716,0,4,99.1,0
CUST-01785,50,70,2,1,1,15983.13,12974.33,468,0,16,17.0,0
CUST-01786,54,48,1,0,1,7389.29,11080.73,561,1,17,47.6,0
CUST-01787,21,36,1,1,1,6540.21,0.0,573,0,6,59.1,0
CUST-01788,22,23,1,1,1,7339.37,37803.55,687,0,11,66.6,1
CUST-01789,38,42,1,1,1,15310.97,0.0,631,0,10,64.0,0
CUST-01790,63,23,1,1,0,3561.92,12062.28,579,0,20,49.0,1
CUST-01791,31,30,1,1,1,16660.2,32877.33,759,0,13,66.3,1
CUST-01792,46,87,1,1,1,13227.52,0.0,580,0,17,80.9,1
CUST-01793,20,37,4,0,0,1500.0,10924.39,622,0,15,45.6,1
CUST-01794,29,70,1,1,1,14880.56,18093.21,522,2,16,64.8,0
CUST-01795,46,79,1,0,0,10977.76,14383.43,568,2,8,39.6,1
CUST-01796,37,52,1,1,0,4843.6,21580.1,731,0,14,67.7,1
CUST-01797,46,59,2,1,0,7790.47,23926.99,508,1,18,32.7,1
CUST-01798,41,53,2,1,1,7447.08,26556.38,685,0,5,74.9,0
CUST-01799,40,24,2,0,0,9442.7,10512.1,662,1,5,16.1,1
CUST-01800,39,41,1,1,0,10817.32,7535.0,695,0,12,35.9,0
CUST-01801,56,68,1,0,1,13452.87,36861.13,553,0,21,89.9,0
CUST-01802,39,9,2,0,1,9762.31,13522.36,592,0,6,54.2,0
CUST-01803,50,33,1,0,0,2763.11,18334.54,638,1,11,47.5,0
CUST-01804,37,60,2,0,0,9474.39,39215.03,664,0,0,84.1,0
CUST-01805,41,65,1,1,1,6755.91,38933.03,678,0,18,86.3,0
CUST-01806,27,49,2,1,1,9020.26,16035.72,543,0,20,60.2,0
CUST-01807,18,38,1,1,0,8446.08,7853.28,768,0,15,39.3,1
CUST-01808,35,60,4,0,1,12335.66,12173.53,644,0,9,50.6,0
CUST-01809,41,57,3,1,0,8082.52,0.0,627,0,17,30.6,1
CUST-01810,34,50,1,0,1,6301.01,30127.64,823,0,14,59.1,0
CUST-01811,46,49,2,0,1,12129.22,21953.3,622,0,6,56.5,0
CUST-01812,30,58,1,1,0,6617.51,50.01,598,0,4,70.3,0
CUST-01813,23,30,2,1,1,1500.0,1393.4,727,0,5,67.8,0
CUST-01814,22,78,1,1,1,7343.95,11829.15,570,4,4,64.5,0
CUST-01815,47,86,1,1,1,11056.12,16882.12,659,0,14,70.9,0
CUST-01816,30,42,1,1,1,10548.34,24773.27,671,0,18,68.1,1
CUST-01817,40,1,1,1,0,15610.3,4924.98,549,2,3,70.9,0
CUST-01818,22,13,2,1,1,16711.71,16242.09,734,1,17,30.2,0
CUST-01819,29,70,1,1,0,12831.19,18933.86,595,1,10,75.3,0
CUST-01820,39,19,2,1,1,6617.73,28971.07,610,1,7,22.3,0
CUST-01821,52,62,3,1,0,4252.37,1171.09,646,0,8,73.3,0
CUST-01822,26,11,1,1,1,7189.11,15021.51,600,0,17,99.5,0
CUST-01823,22,65,1,1,0,4143.01,26815.27,850,1,11,57.1,0
CUST-01824,39,52,1,0,1,2533.73,0.0,587,0,14,74.9,0
CUST-01825,41,49,1,1,1,10072.24,16200.12,615,1,8,49.3,1
CUST-01826,34,36,1,0,1,9524.97,19177.43,686,2,7,64.9,1
CUST-01827,54,60,1,1,1,4909.1,1130.58,686,0,5,63.4,0
CUST-01828,18,14,2,1,0,3532.31,9269.88,559,0,9,39.2,1
CUST-01829,29,57,1,0,0,5710.07,19315.69,618,1,3,17.8,0
CUST-01830,39,41,1,1,1,14697.82,18724.13,662,0,16,79.1,0
CUST-01831,29,97,1,1,1,4708.67,0.0,642,0,14,69.4,0
CUST-01832,43,1,2,0,1,6387.88,12391.06,572,0,10,44.2,1
CUST-01833,39,54,2,0,1,10324.43,14235.96,652,0,7,93.1,0
CUST-01834,36,27,2,1,0,3911.67,2457.03,661,0,0,48.4,0
CUST-01835,68,63,1,0,1,8072.14,472.75,710,0,8,0.0,0
CUST-01836,27,76,1,1,0,7164.89,37907.62,694,1,2,79.0,0
CUST-01837,36,6,1,0,0,4211.43,18034.36,699,1,14,53.6,1
CUST-01838,45,90,1,1,0,9342.21,27964.22,739,0,14,43.5,0
CUST-01839,30,35,1,1,1,9779.76,21801.46,658,0,13,33.6,0
CUST-01840,41,41,3,1,1,9665.81,37958.36,558,0,0,52.3,0
CUST-01841,49,26,2,0,0,5073.48,2616.61,600,1,15,57.0,1
CUST-01842,42,1,1,1,1,5299.7,0.0,609,0,9,45.4,0
CUST-01843,48,32,1,1,1,10643.9,17928.07,654,1,16,31.0,0
CUST-01844,35,9,2,1,1,10378.63,18844.61,604,1,3,81.2,0
CUST-01845,36,1,4,0,1,10241.11,0.0,703,1,13,8.6,1
CUST-01846,62,82,3,1,1,10769.17,0.0,668,0,13,64.8,0
CUST-01847,45,80,1,1,0,6892.31,21871.54,655,0,16,67.8,0
CUST-01848,51,57,2,1,1,6090.53,14411.84,610,1,9,54.5,0
CUST-01849,31,19,3,1,1,10146.2,19686.16,622,1,9,27.0,0
CUST-01850,36,81,2,1,1,9948.56,0.0,409,0,1,48.6,0
CUST-01851,53,50,1,0,1,10817.55,30011.54,681,0,0,77.1,0
CUST-01852,40,40,4,1,0,20063.36,27900.41,585,0,2,52.4,0
CUST-01853,24,23,1,1,1,6183.07,24207.34,673,1,19,50.2,1
CUST-01854,28,51,4,1,1,8492.31,21900.71,718,0,11,70.3,0
CUST-01855,38,41,1,0,1,6510.42,26109.93,667,0,8,48.9,0
CUST-01856,58,37,1,0,1,14408.35,11095.87,632,1,8,46.4,0
CUST-01857,46,37,2,0,1,8852.87,1084.48,704,0,0,9.5,0
CUST-01858,30,67,2,1,0,12451.13,0.0,684,1,10,56.0,1
CUST-01859,39,64,3,0,1,10052.83,21373.39,652,1,16,52.4,0
CUST-01860,40,88,3,0,1,8520.24,22431.26,730,0,3,41.0,0
CUST-01861,19,39,1,1,1,15549.17,31559.58,631,1,16,45.3,0
CUST-01862,39,11,1,1,0,13106.39,14640.02,850,0,20,0.0,1
CUST-01863,35,52,3,1,1,6253.45,0.0,537,0,10,45.8,0
CUST-01864,37,1,1,1,1,11508.36,28255.71,738,0,14,55.1,1
CUST-01865,28,20,1,1,1,15843.3,6367.83,579,0,11,25.2,0
CUST-01866,44,78,3,1,0,2980.18,26117.39,673,0,21,64.9,0
CUST-01867,34,96,3,0,1,14222.87,15760.36,786,2,14,100.0,0
CUST-01868,30,62,1,1,0,11297.3,0.0,622,0,9,100.0,0
CUST-01869,61,53,3,0,0,5485.12,9442.61,580,0,18,57.2,1
CUST-01870,35,38,2,1,0,4373.95,37234.94,603,1,8,34.0,0
CUST-01871,23,51,3,0,1,7165.59,18467.9,679,0,9,78.4,0
CUST-01872,54,49,1,1,0,9726.68,14574.81,543,1,1,36.4,1
CUST-01873,56,57,1,1,0,5912.31,31515.9,604,0,5,42.1,0
CUST-01874,28,24,3,1,0,12330.04,19385.21,574,0,11,39.5,0
CUST-01875,34,54,1,0,1,11404.23,23272.78,632,0,0,25.2,0
CUST-01876,37,6,1,1,0,7831.17,5061.92,570,0,9,67.6,0
CUST-01877,34,1,2,0,0,10482.34,31279.68,727,1,11,38.4,0
CUST-01878,23,81,3,0,1,6387.22,11124.91,685,0,9,69.2,0
CUST-01879,26,137,2,1,0,7996.58,851.81,729,0,4,86.1,0
CUST-01880,65,53,1,1,1,15228.97,14334.07,658,0,17,23.0,0
CUST-01881,32,49,2,0,1,17642.06,16323.95,554,1,10,56.5,0
CUST-01882,33,88,2,0,0,7712.23,20272.76,680,0,12,54.3,1
CUST-01883,48,8,1,1,0,13610.92,4408.6,692,1,12,63.5,0
CUST-01884,33,1,4,1,1,11257.58,27195.28,657,0,2,64.7,1
CUST-01885,31,69,1,0,1,13142.31,390.56,713,3,1,41.9,0
CUST-01886,27,90,2,1,0,16542.23,13842.28,690,0,12,78.0,0
CUST-01887,45,65,1,0,0,10042.77,0.0,618,0,22,77.9,0
CUST-01888,42,42,4,1,0,13320.98,17136.82,693,0,13,73.0,0
CUST-01889,53,101,2,1,1,10124.87,2247.84,745,0,21,29.4,0
CUST-01890,34,32,3,1,0,7791.3,29673.08,743,0,4,0.0,1
CUST-01891,55,44,1,0,0,6739.53,279.97,680,0,15,67.7,0
CUST-01892,41,34,2,0,0,9652.93,17165.71,692,1,16,66.2,0
CUST-01893,33,12,1,0,0,7158.89,21317.84,494,2,4,77.4,0
CUST-01894,45,41,2,1,0,13688.67,22116.4,537,1,17,90.4,0
CUST-01895,43,44,1,1,0,6807.87,5684.68,610,0,15,60.0,1
CUST-01896,42,44,1,1,1,12161.07,2718.53,715,1,4,51.4,0
CUST-01897,30,65,2,1,1,5379.77,12178.34,701,0,14,59.5,0
CUST-01898,38,30,2,0,1,9683.1,30798.37,684,0,21,100.0,0
CUST-01899,37,86,2,1,1,14052.25,0.0,789,0,11,55.7,0
CUST-01900,48,39,2,1,1,10813.94,23068.2,663,1,4,88.8,0
CUST-01901,54,16,1,0,1,8817.78,28228.52,747,0,5,93.9,0
CUST-01902,49,14,3,0,0,9085.09,7694.8,644,1,14,39.1,1
CUST-01903,48,35,3,0,1,10101.46,32552.37,663,1,8,66.8,0
CUST-01904,52,42,2,1,1,9428.72,174.33,730,1,9,52.7,0
CUST-01905,54,60,4,1,0,12008.78,11504.1,677,1,2,33.0,0
CUST-01906,34,52,1,1,1,14607.61,15212.29,776,0,19,84.7,0
CUST-01907,25,81,4,1,0,10359.32,2786.85,695,0,11,60.1,0
CUST-01908,41,34,1,0,1,11277.23,25564.09,845,2,22,70.0,1
CUST-01909,57,68,1,1,0,15003.06,21135.94,561,0,7,28.5,0
CUST-01910,24,51,1,1,1,5571.45,18804.08,725,0,8,47.7,0
CUST-01911,28,67,2,1,1,9543.39,7906.26,600,0,8,72.3,0
CUST-01912,40,26,2,1,0,8030.86,5686.36,632,0,13,79.8,0
CUST-01913,32,74,4,1,0,1500.0,8577.68,756,0,6,72.6,0
CUST-01914,51,18,2,1,1,8111.22,28222.11,668,2,13,80.3,0
CUST-01915,40,114,2,1,0,13211.37,8382.3,645,0,14,77.3,0
CUST-01916,49,1,3,1,1,4727.81,0.0,495,1,8,64.6,0
CUST-01917,43,34,2,1,1,2065.1,34359.48,787,0,18,57.7,1
CUST-01918,44,45,1,1,1,5170.49,23053.42,738,1,10,60.7,0
CUST-01919,25,93,2,1,0,14805.5,31698.99,751,1,17,74.1,0
CUST-01920,31,100,3,1,1,9553.79,32684.26,598,0,13,56.0,0
CUST-01921,18,18,1,1,1,14714.91,0.0,640,0,0,36.0,1
CUST-01922,30,84,1,1,1,13762.59,8282.51,617,0,19,70.2,0
CUST-01923,33,5,1,0,1,13261.4,16847.71,604,0,18,62.5,0
CUST-01924,43,102,1,0,1,10533.62,8933.48,689,1,12,9.0,0
CUST-01925,25,34,1,1,1,4273.22,32.49,700,0,26,35.8,0
CUST-01926,60,65,1,0,1,11716.57,884.12,599,0,9,67.9,0
CUST-01927,54,55,2,1,0,7095.86,0.0,607,0,15,41.3,1
CUST-01928,27,22,2,1,0,11634.58,23628.75,532,2,21,71.3,1
CUST-01929,18,50,1,1,1,8498.49,31113.74,696,1,20,77.5,0
CUST-01930,20,61,2,0,1,8079.39,29623.85,691,0,9,57.5,0
CUST-01931,43,13,2,1,1,12963.18,7465.53,645,1,7,78.3,0
CUST-01932,24,60,1,1,1,13521.39,20102.36,655,1,7,51.8,0
CUST-01933,36,44,2,0,0,9078.62,28897.57,576,0,11,68.7,0
CUST-01934,46,25,1,0,0,4043.14,11227.96,650,0,6,64.5,0
CUST-01935,44,80,1,0,0,12080.57,8792.98,685,0,7,65.4,0
CUST-01936,48,27,2,1,0,7574.9,19877.93,584,0,4,46.6,0
CUST-01937,24,1,1,1,1,13571.22,18115.94,476,0,5,36.4,0
CUST-01938,47,69,1,1,1,5937.13,0.0,710,3,7,71.0,0
CUST-01939,48,19,1,1,1,5712.71,7381.49,767,1,13,81.9,0
CUST-01940,51,51,3,1,1,6174.05,17344.27,568,0,5,45.6,0
CUST-01941,49,19,2,0,0,8160.56,27858.18,641,3,5,25.1,0
CUST-01942,24,87,2,1,0,3847.25,0.0,649,0,5,39.6,0
CUST-01943,18,53,2,1,1,1500.0,7527.71,540,0,2,44.5,0
CUST-01944,44,69,2,1,1,1500.0,3197.3,665,0,13,60.1,1
CUST-01945,58,30,2,1,1,7925.94,4156.6,683,1,8,63.4,0
CUST-01946,30,19,2,1,1,8395.51,4682.47,670,0,5,77.7,1
CUST-01947,30,46,1,0,0,10496.36,21629.38,430,1,17,62.6,0
CUST-01948,41,66,3,0,0,18487.86,18326.33,799,1,11,71.1,0
CUST-01949,52,67,1,1,1,10341.29,27034.08,590,1,9,86.4,1
CUST-01950,48,95,2,0,0,10392.46,1419.32,611,0,12,75.4,0
CUST-01951,25,57,1,1,1,2166.14,14010.98,698,2,16,48.8,0
CUST-01952,34,96,2,0,1,10337.38,20781.65,632,0,6,54.8,0
CUST-01953,33,15,1,1,0,2656.05,8177.98,491,0,18,49.1,1
CUST-01954,46,38,2,0,1,12728.14,26737.51,723,1,22,32.5,0
CUST-01955,48,19,2,0,0,10691.87,1285.39,491,0,11,58.0,1
CUST-01956,29,53,3,1,1,10734.71,4480.76,594,0,19,83.6,0
CUST-01957,30,20,1,1,1,8567.46,3015.91,731,1,22,47.1,1
CUST-01958,43,63,2,0,1,6610.87,17644.5,698,0,13,16.1,0
CUST-01959,37,48,1,1,1,8803.45,19922.91,704,0,15,30.4,1
CUST-01960,30,56,1,1,1,14861.97,22682.24,607,1,6,53.5,0
CUST-01961,34,57,2,1,0,8781.45,5220.71,626,0,8,65.9,0
CUST-01962,47,39,4,0,1,17221.12,29192.61,753,0,16,39.3,0
CUST-01963,35,80,1,0,1,8761.8,15285.91,691,1,14,40.3,0
CUST-01964,38,111,1,1,1,8168.17,18581.64,636,1,11,35.7,1
CUST-01965,30,64,1,1,0,11308.98,19589.54,684,0,18,25.8,1
CUST-01966,47,54,1,0,1,15096.07,25312.61,649,0,11,82.8,0
CUST-01967,33,65,1,1,0,4923.37,21290.54,710,0,14,28.2,1
CUST-01968,43,31,1,0,1,13316.68,0.0,611,0,19,53.7,0
CUST-01969,41,24,4,1,1,13273.75,21731.29,673,1,22,91.9,1
CUST-01970,35,29,1,1,0,5888.95,16678.04,784,0,14,51.7,0
CUST-01971,29,63,1,1,0,6919.63,38827.35,619,0,18,18.1,0
CUST-01972,38,58,2,1,1,12453.56,25219.14,737,0,13,37.9,0
CUST-01973,36,96,3,1,1,8869.68,31163.04,745,0,25,67.1,0
CUST-01974,52,7,1,1,1,12211.64,10878.25,479,0,17,82.6,0
CUST-01975,29,65,3,0,0,8983.58,8017.57,508,0,10,51.0,0
CUST-01976,48,91,2,0,1,12867.42,32539.89,521,0,10,49.6,0
CUST-01977,54,13,1,1,1,8148.79,4793.58,588,0,3,40.4,1
CUST-01978,47,75,3,0,1,11667.37,24733.13,598,1,16,61.1,0
CUST-01979,48,66,1,1,0,7085.04,1834.37,775,0,2,56.0,1
CUST-01980,36,49,1,1,0,7325.48,19508.93,698,1,7,62.5,0
CUST-01981,45,3,1,1,0,7398.59,14013.09,625,1,8,59.6,1
CUST-01982,45,27,1,1,0,10040.78,29713.59,577,0,14,78.4,0
CUST-01983,20,73,1,1,1,6364.94,35225.54,560,0,3,81.3,0
CUST-01984,36,78,1,1,1,7881.94,120.1,701,0,10,56.3,1
CUST-01985,25,45,1,1,1,4896.28,4870.09,635,0,12,75.6,0
CUST-01986,18,42,1,1,1,5543.98,26909.58,625,0,9,17.6,0
CUST-01987,39,87,2,1,1,10007.12,23082.88,644,1,11,47.0,0
CUST-01988,45,54,2,0,0,5998.46,35467.96,591,0,11,47.1,0
CUST-01989,32,66,3,1,1,5120.38,36940.34,647,1,22,34.5,0
CUST-01990,46,71,1,1,1,5732.68,3631.03,731,0,11,93.9,0
CUST-01991,47,1,1,1,1,12203.74,12083.17,552,2,14,35.4,0
CUST-01992,41,141,1,1,1,7524.28,5199.58,609,0,14,96.5,0
CUST-01993,34,67,3,1,0,2218.28,8869.2,662,1,10,68.6,1
CUST-01994,48,107,1,1,0,8066.42,10988.71,535,0,14,54.6,0
CUST-01995,61,28,2,1,0,14286.35,23217.26,664,0,29,31.7,1
CUST-01996,18,1,1,1,1,17454.59,21183.36,711,0,12,46.7,0
CUST-01997,49,66,4,0,1,7851.26,2118.94,601,0,18,43.3,0
CUST-01998,26,1,2,0,1,9565.19,35921.65,850,0,0,15.0,0
CUST-01999,50,30,2,0,1,9525.05,4016.53,724,0,14,60.8,0
CUST-02000,52,47,1,1,1,15792.12,6262.78,615,1,13,72.4,1
CUST-02001,35,11,3,1,1,5632.45,14263.75,693,1,16,55.6,1
CUST-02002,35,52,4,1,0,9638.03,19655.09,639,1,13,55.7,1
CUST-02003,40,48,2,1,1,5213.04,13723.22,574,0,25,68.7,0
CUST-02004,41,42,2,1,0,4598.08,18234.84,536,0,6,47.5,0
CUST-02005,38,33,3,1,0,1500.0,19485.51,626,0,9,47.8,0
CUST-02006,54,89,4,0,0,1500.0,27274.95,644,1,5,33.8,0
CUST-02007,21,50,1,1,1,7262.16,465.46,592,0,6,43.8,0
CUST-02008,34,56,3,0,0,8011.91,22991.83,738,0,18,50.1,0
CUST-02009,48,62,2,1,1,1500.0,11428.5,605,0,5,77.0,1
CUST-02010,37,28,2,1,1,12341.87,13805.37,662,3,13,64.2,1
CUST-02011,37,41,2,1,1,11089.01,8768.83,499,0,15,59.5,0
CUST-02012,36,118,4,1,0,14679.38,0.0,605,0,5,22.6,0
CUST-02013,51,30,2,1,0,8867.65,13071.08,616,1,13,66.9,0
CUST-02014,48,97,2,1,1,5199.13,26264.9,592,0,0,38.5,0
CUST-02015,24,1,3,1,1,10393.16,28784.82,614,0,12,66.9,1
CUST-02016,26,55,1,1,0,8143.18,21672.77,737,0,7,69.8,0
CUST-02017,35,33,1,1,1,7645.99,6926.72,736,1,13,75.0,1
CUST-02018,38,57,2,1,0,11492.97,11040.5,780,0,15,87.5,0
CUST-02019,51,68,1,1,1,14687.59,0.0,661,0,9,71.3,0
CUST-02020,39,66,1,1,1,9066.54,15120.78,566,1,8,62.9,0
CUST-02021,56,26,2,1,1,4036.35,16963.78,845,1,11,66.3,0
CUST-02022,62,17,2,1,1,10791.12,26558.57,659,2,19,40.6,1
CUST-02023,30,65,2,0,1,12989.46,14255.88,525,0,17,46.1,0
CUST-02024,42,86,2,0,0,15937.83,26122.74,681,0,0,54.2,1
CUST-02025,52,67,4,0,0,5875.72,30450.46,492,1,6,72.9,0
CUST-02026,43,91,2,1,0,10489.43,25788.19,845,0,9,71.9,0
CUST-02027,44,29,2,1,0,2737.41,21393.04,652,0,10,44.5,1
CUST-02028,35,21,1,1,1,16847.07,14457.86,575,1,10,56.4,0
CUST-02029,33,37,3,1,1,2447.71,0.0,694,0,10,75.5,0
CUST-02030,43,78,1,1,0,4466.3,0.0,704,0,12,89.1,0
CUST-02031,52,39,2,1,1,7993.48,0.0,582,0,9,100.0,0
CUST-02032,27,16,1,0,1,14554.67,17238.49,615,0,6,28.2,1
CUST-02033,38,73,2,1,0,3728.58,11145.21,664,0,14,69.5,0
CUST-02034,62,31,3,0,1,5510.37,29180.43,757,0,13,38.4,1
CUST-02035,38,27,4,1,1,10485.01,28298.56,660,2,18,65.7,0
CUST-02036,42,10,1,0,0,8068.87,18552.34,602,0,10,43.6,1
CUST-02037,50,64,2,1,1,1500.0,0.0,641,0,6,60.2,1
CUST-02038,47,52,1,1,1,13892.58,21378.18,724,0,12,53.5,0
CUST-02039,38,77,3,1,0,17090.05,0.0,727,2,24,77.1,0
CUST-02040,38,37,3,0,0,16726.16,4958.25,673,0,19,54.5,0
CUST-02041,58,55,3,0,0,11539.44,21379.81,795,0,11,43.7,1
CUST-02042,29,84,2,1,0,16772.08,23617.46,633,0,10,72.6,0
CUST-02043,24,21,2,0,0,7298.11,24714.4,632,0,12,39.9,0
CUST-02044,54,105,1,1,1,6617.68,20449.96,683,0,4,72.2,0
CUST-02045,55,54,1,1,1,17949.27,0.0,615,0,14,54.0,1
CUST-02046,29,44,1,0,0,12796.44,5758.18,772,0,9,73.7,0
CUST-02047,51,65,1,1,1,13263.45,13352.51,578,0,10,52.0,0
CUST-02048,45,57,2,1,1,16565.28,0.0,696,0,6,55.8,0
CUST-02049,39,39,2,0,0,9709.07,17159.44,580,0,5,51.2,1
CUST-02050,42,54,2,1,0,9490.37,7974.78,710,1,16,53.7,0
CUST-02051,63,72,3,0,1,15074.21,28958.2,665,0,7,61.4,0
CUST-02052,49,99,2,1,1,13364.96,10656.97,713,0,17,54.5,0
CUST-02053,48,85,2,1,0,11971.44,27369.51,610,0,11,42.5,1
CUST-02054,47,90,2,1,0,11669.63,45149.84,850,0,9,44.7,0
CUST-02055,33,74,1,1,1,4755.27,13747.86,626,1,24,44.1,0
CUST-02056,37,53,2,1,0,11418.64,14701.5,535,0,9,36.0,0
CUST-02057,39,20,4,1,1,8752.68,27980.35,643,0,16,63.0,1
CUST-02058,30,43,3,0,0,12722.8,0.0,728,0,4,0.0,1
CUST-02059,47,31,1,1,0,10460.95,38414.63,673,0,15,78.5,0
CUST-02060,54,71,2,1,1,6933.87,0.0,522,2,11,56.0,1
CUST-02061,39,1,1,1,0,9709.15,8417.84,704,1,10,78.5,0
CUST-02062,31,39,1,1,1,12512.38,20132.99,616,0,10,75.0,0
CUST-02063,31,65,2,1,0,8796.24,5347.57,677,0,19,76.9,0
CUST-02064,60,60,4,0,1,12736.94,22818.63,675,0,14,59.5,0
CUST-02065,34,61,3,1,1,1500.0,27567.12,774,0,11,60.2,0
CUST-02066,26,60,1,0,0,12844.23,17518.32,695,0,20,95.6,0
CUST-02067,23,9,3,1,1,12884.53,23949.36,563,0,13,71.6,0
CUST-02068,35,90,4,0,0,8791.87,15479.83,755,0,8,74.6,0
CUST-02069,55,75,3,1,0,2759.14,22151.44,717,0,29,50.4,0
CUST-02070,56,87,1,0,1,13452.03,0.0,628,0,18,52.6,0
CUST-02071,48,57,2,0,1,5918.85,26494.63,692,0,7,87.7,0
CUST-02072,32,39,2,0,0,16592.63,21940.31,701,1,7,47.7,0
CUST-02073,50,76,2,1,1,21743.39,3654.91,670,0,6,63.7,0
CUST-02074,38,32,1,1,0,10602.48,0.0,589,0,22,43.5,0
CUST-02075,48,18,1,1,0,11887.96,5575.74,700,1,13,60.8,1
CUST-02076,67,1,3,0,0,10532.73,23807.95,612,1,6,67.1,0
CUST-02077,38,24,1,1,1,5533.73,0.0,756,2,23,62.3,1
CUST-02078,24,43,1,1,0,10583.19,0.0,652,0,17,91.3,0
CUST-02079,64,4,1,1,1,3829.22,11492.64,835,0,15,76.3,0
CUST-02080,39,1,2,0,1,2091.06,0.0,664,0,14,63.9,0
CUST-02081,39,31,4,0,0,14741.23,7439.2,738,1,7,53.9,0
CUST-02082,21,78,1,1,1,13994.46,9734.44,607,0,14,67.4,0
CUST-02083,50,39,1,1,0,4147.35,10099.1,647,0,11,71.2,1
CUST-02084,53,56,1,1,0,7272.6,5116.06,768,0,6,46.8,0
CUST-02085,44,16,1,0,1,7532.98,17697.68,590,0,14,46.7,0
CUST-02086,54,52,1,1,1,2664.21,8987.46,611,1,10,31.7,0
CUST-02087,36,64,3,1,0,11665.77,952.27,642,0,10,53.5,0
CUST-02088,57,9,1,0,0,1500.0,3721.49,643,0,15,63.3,0
CUST-02089,50,33,2,1,0,3790.61,22508.13,760,0,14,51.0,0
CUST-02090,62,37,3,1,1,12084.36,24372.37,691,0,20,30.9,0
CUST-02091,21,59,1,0,0,6471.24,11266.18,606,0,13,56.3,0
CUST-02092,26,30,1,0,0,13865.68,27950.8,620,0,5,62.0,0
CUST-02093,52,1,4,1,1,5502.41,22198.08,695,0,10,45.7,1
CUST-02094,46,32,3,0,1,6803.71,18643.88,713,1,19,87.2,0
CUST-02095,30,91,1,1,0,15943.65,21685.38,540,0,4,36.7,0
CUST-02096,42,87,1,1,0,7346.61,19727.74,554,1,24,32.8,1
CUST-02097,52,31,3,0,0,9299.17,21523.67,609,0,13,36.0,0
CUST-02098,55,23,1,1,0,1500.0,8645.81,676,0,17,42.6,1
CUST-02099,44,19,2,1,1,13925.56,36199.65,614,0,0,40.9,1
CUST-02100,42,36,2,1,1,13499.18,0.0,519,1,9,69.7,0
CUST-02101,47,53,1,0,0,13298.21,13141.64,643,0,7,58.7,1
CUST-02102,41,71,3,1,1,10302.81,10168.13,587,0,15,52.8,0
CUST-02103,64,99,2,1,0,21876.73,11158.27,662,1,10,70.6,0
CUST-02104,36,42,3,1,1,12566.73,11301.37,630,1,0,19.5,1
CUST-02105,41,101,2,0,0,7118.68,21835.38,608,0,14,77.9,0
CUST-02106,39,80,1,1,1,11186.93,16397.72,644,0,8,73.3,0
CUST-02107,60,41,1,0,1,12647.68,21026.68,613,1,8,34.7,1
CUST-02108,35,6,2,0,1,1500.0,42691.52,668,0,18,48.0,0
CUST-02109,52,46,1,1,1,8981.52,23453.95,660,0,8,63.0,1
CUST-02110,40,96,2,0,1,1500.0,18047.93,745,1,21,50.3,0
CUST-02111,36,43,1,1,1,10812.04,20856.29,636,2,8,84.8,1
CUST-02112,18,101,2,1,0,4405.33,16423.5,620,0,19,51.7,0
CUST-02113,40,16,3,0,0,14898.22,15902.47,639,0,5,47.6,0
CUST-02114,61,103,4,1,1,8604.31,7523.72,522,1,8,58.2,0
CUST-02115,33,34,2,1,1,18226.23,16979.84,580,0,11,44.7,0
CUST-02116,18,21,1,0,0,14053.84,27164.32,843,0,9,59.1,0
CUST-02117,45,33,3,1,1,7161.3,36281.98,616,0,21,94.5,0
CUST-02118,27,31,1,0,0,15060.64,9698.9,750,0,13,42.9,0
CUST-02119,20,2,1,1,1,3536.13,16440.89,637,0,5,83.3,0
CUST-02120,35,22,1,0,1,4594.38,13199.13,713,1,17,74.1,1
CUST-02121,25,1,2,0,1,8289.79,7342.23,638,0,6,31.8,1
CUST-02122,53,85,1,1,1,12482.08,28336.94,768,1,1,73.9,1
CUST-02123,43,67,2,1,1,2805.73,0.0,682,0,13,55.6,0
CUST-02124,48,31,2,1,0,11790.41,10452.2,629,0,9,53.8,0
CUST-02125,33,25,2,0,1,8831.69,18008.97,578,0,7,37.5,0
CUST-02126,39,90,1,1,0,13581.26,19661.47,592,0,17,88.7,1
CUST-02127,34,18,1,1,1,15965.47,4471.21,472,0,18,73.3,1
CUST-02128,44,76,1,1,0,11635.8,8270.37,698,0,7,72.9,0
CUST-02129,18,88,4,1,0,9908.75,14770.61,634,2,12,31.3,0
CUST-02130,40,71,1,1,0,8176.4,17785.92,529,2,14,32.7,0
CUST-02131,52,49,3,0,0,3823.28,20566.17,660,1,12,32.6,1
CUST-02132,60,69,2,0,1,7821.89,10784.87,597,0,15,63.2,0
CUST-02133,50,45,2,1,1,12235.6,33606.23,648,0,19,58.3,0
CUST-02134,42,82,1,0,0,7172.85,33209.58,521,0,23,69.6,0
CUST-02135,20,29,1,1,0,12883.3,25192.87,576,0,0,84.5,0
CUST-02136,42,105,2,1,0,6454.24,0.0,673,0,25,67.7,0
CUST-02137,18,73,1,0,1,4726.22,17769.23,567,0,19,72.5,0
CUST-02138,29,45,4,0,0,8087.84,19754.93,609,0,9,42.0,0
CUST-02139,37,84,2,1,1,9024.05,26592.36,565,0,12,36.9,0
CUST-02140,37,81,1,1,0,10924.07,290.37,785,1,21,68.5,0
CUST-02141,51,39,1,0,0,10810.36,33047.77,653,0,8,35.5,0
CUST-02142,37,16,2,0,1,13665.41,13085.84,595,0,6,21.0,0
CUST-02143,25,11,2,0,1,15967.08,13035.75,619,0,0,61.5,1
CUST-02144,34,28,2,1,0,18567.69,26672.04,638,0,5,86.0,0
CUST-02145,31,42,3,1,1,3833.27,14539.6,621,1,19,74.4,0
CUST-02146,53,44,1,0,1,15001.99,21154.67,797,0,10,63.2,0
CUST-02147,22,119,3,0,1,17805.83,18315.69,462,1,2,56.2,0
CUST-02148,34,49,2,0,0,12283.47,15774.03,617,0,19,42.9,0
CUST-02149,51,54,3,1,0,11747.4,14814.53,638,0,15,35.9,0
CUST-02150,30,32,1,1,0,1905.69,13824.29,796,0,3,38.6,1
CUST-02151,44,93,1,1,0,7360.56,1464.5,709,1,14,62.4,0
CUST-02152,40,8,3,1,0,1500.0,3969.7,730,0,6,76.9,0
CUST-02153,36,57,2,0,1,15322.27,23582.15,629,1,10,48.0,0
CUST-02154,19,47,1,1,0,10836.01,3441.26,588,0,15,72.5,0
CUST-02155,40,46,1,0,0,12963.04,15174.05,632,0,2,78.5,1
CUST-02156,34,51,2,1,1,12733.24,27108.58,600,1,9,38.0,0
CUST-02157,43,33,2,1,0,13380.85,2106.32,747,0,13,49.1,1
CUST-02158,22,18,2,0,1,13863.95,0.0,643,0,10,11.5,1
CUST-02159,46,81,4,1,1,4988.45,10713.1,619,0,14,53.1,0
CUST-02160,48,91,3,1,0,2900.99,17709.76,666,1,9,47.9,0
CUST-02161,57,70,2,1,1,15730.1,14748.45,703,2,14,69.5,0
CUST-02162,34,88,3,1,0,9707.71,8421.02,691,1,9,72.9,0
CUST-02163,32,55,2,0,1,9126.2,0.0,569,0,23,61.8,0
CUST-02164,51,1,2,1,1,10614.42,21521.21,512,0,12,45.5,0
CUST-02165,27,20,1,0,0,13041.22,17794.41,693,1,12,81.1,0
CUST-02166,30,65,2,1,0,9048.82,8256.55,578,0,10,70.5,0
CUST-02167,36,1,2,1,1,7821.14,6214.79,850,0,10,94.6,1
CUST-02168,26,54,1,1,0,6030.08,45985.92,687,0,27,87.7,0
CUST-02169,57,60,2,1,1,13907.67,19600.97,668,0,5,57.6,0
CUST-02170,51,59,2,1,1,9254.82,16519.81,567,0,0,34.5,0
CUST-02171,18,18,3,1,0,7319.79,8286.93,792,0,12,1.9,0
CUST-02172,18,39,2,0,1,16528.05,46100.62,614,2,20,49.7,0
CUST-02173,32,40,4,1,1,13311.04,18760.83,538,1,13,65.4,0
CUST-02174,46,57,1,1,1,9542.97,1960.8,712,1,1,26.7,0
CUST-02175,48,42,3,1,0,2369.69,24222.96,711,0,12,61.3,0
CUST-02176,57,1,1,1,0,3136.31,3613.0,635,1,8,79.2,0
CUST-02177,43,120,1,1,0,11774.92,11961.51,606,0,15,80.8,0
CUST-02178,27,60,1,1,0,12155.03,30425.87,681,0,12,53.6,0
CUST-02179,45,43,1,1,1,3997.32,23038.8,554,0,12,81.3,0
CUST-02180,26,34,1,1,0,3912.01,10259.96,784,0,16,91.0,0
CUST-02181,30,72,2,1,0,10822.96,31826.65,693,0,15,43.8,0
CUST-02182,21,56,1,1,1,1500.0,22842.53,781,0,4,79.4,0
CUST-02183,29,63,2,1,0,7699.25,4411.46,588,0,3,47.9,0
CUST-02184,32,5,2,1,0,11286.75,0.0,708,0,19,67.1,0
CUST-02185,33,1,1,1,1,14766.19,24782.64,672,1,18,75.6,0
CUST-02186,61,90,3,1,1,10711.76,30070.86,648,1,14,49.0,0
CUST-02187,41,56,1,1,0,9196.33,22644.99,614,0,6,75.6,1
CUST-02188,44,58,2,0,1,11120.18,8615.94,692,0,0,81.3,1
CUST-02189,42,85,4,1,1,15672.37,3641.12,621,0,16,93.5,0
CUST-02190,59,38,1,1,1,16051.65,0.0,616,2,18,53.5,0
CUST-02191,29,65,3,1,0,6976.97,18064.59,651,0,10,55.4,0
CUST-02192,49,1,4,1,0,6512.12,15935.93,634,1,2,54.4,0
CUST-02193,30,47,2,1,0,15717.35,5723.8,759,0,14,77.1,0
CUST-02194,38,47,3,1,0,12608.71,12739.0,659,1,11,52.9,0
CUST-02195,46,79,4,1,1,16115.81,21649.7,768,0,5,67.9,0
CUST-02196,24,36,1,1,1,3723.93,13179.01,632,0,12,56.8,1
CUST-02197,35,112,3,0,1,11877.35,11614.35,555,1,11,76.8,0
CUST-02198,40,1,1,0,0,9412.81,20412.5,724,2,1,47.1,1
CUST-02199,46,82,1,1,1,4845.95,0.0,615,0,11,55.3,0
CUST-02200,37,1,1,0,0,12199.25,17616.34,554,0,15,39.8,1
CUST-02201,74,79,2,0,1,2149.89,13811.14,848,1,11,40.6,1
CUST-02202,63,74,1,1,0,10663.45,24596.34,688,0,5,60.8,1
CUST-02203,18,30,1,1,0,3737.51,7328.01,601,0,11,17.1,1
CUST-02204,41,38,1,0,1,8028.83,7676.91,674,1,16,65.9,1
CUST-02205,47,42,2,1,0,10345.36,0.0,757,1,14,37.2,1
CUST-02206,44,73,2,0,0,2961.42,15645.14,692,0,13,71.7,0
CUST-02207,57,34,2,1,0,8996.02,7632.86,704,0,4,68.5,0
CUST-02208,18,60,2,0,1,9285.03,11840.16,644,0,20,67.3,0
CUST-02209,27,53,1,1,0,6537.04,44454.37,818,0,17,46.0,0
CUST-02210,59,70,2,1,1,10429.46,22518.13,612,0,4,82.4,0
CUST-02211,55,56,2,1,0,10468.09,9075.28,659,0,2,55.7,0
CUST-02212,67,64,2,1,0,3542.69,6820.79,731,0,13,90.2,0
CUST-02213,60,72,2,1,1,4374.65,21480.66,744,1,12,65.7,0
CUST-02214,25,71,4,1,1,19893.46,33214.34,590,0,10,43.3,0
CUST-02215,52,71,2,1,0,16583.17,33003.73,743,0,24,20.7,1
CUST-02216,37,45,3,1,1,13798.21,0.0,782,0,18,84.1,0
CUST-02217,43,48,2,1,1,11796.74,6680.03,547,0,7,48.0,0
CUST-02218,41,28,2,1,1,5646.34,3258.0,570,0,23,66.8,0
CUST-02219,34,69,1,1,0,9887.5,5616.54,489,0,8,75.3,0
CUST-02220,34,22,2,1,1,4668.85,10228.79,800,0,12,51.6,0
CUST-02221,49,44,1,0,0,11202.51,32234.27,633,0,2,90.1,0
CUST-02222,33,48,2,1,0,8250.68,24226.41,762,0,6,35.7,1
CUST-02223,43,67,1,1,0,4950.84,24261.95,612,1,17,47.1,1
CUST-02224,46,65,1,1,0,14611.86,7749.47,714,0,10,43.9,0
CUST-02225,34,71,2,0,1,12484.72,27399.31,617,0,9,39.4,0
CUST-02226,37,57,2,1,1,14233.07,6887.16,632,0,10,18.2,1
CUST-02227,54,10,4,1,1,13455.53,15863.81,716,0,22,46.2,1
CUST-02228,20,36,4,1,1,9046.14,1086.93,640,0,2,42.1,0
CUST-02229,32,56,2,0,0,10638.74,8511.3,629,0,24,71.2,0
CUST-02230,24,61,2,0,0,4263.21,12665.54,658,1,0,47.9,0
CUST-02231,43,28,3,1,1,10964.81,4316.36,606,0,18,48.2,0
CUST-02232,72,32,2,0,0,9104.27,24643.57,761,0,17,28.4,0
CUST-02233,25,47,1,1,0,16182.29,849.3,622,0,15,67.8,0
CUST-02234,55,16,2,1,0,10221.22,22512.79,609,0,17,20.3,1
CUST-02235,57,45,2,1,0,10530.66,19110.36,525,2,13,50.9,1
CUST-02236,18,83,2,1,1,6810.82,31067.36,666,1,9,74.1,1
CUST-02237,24,14,2,1,0,18233.15,2521.49,709,0,13,62.2,0
CUST-02238,40,10,4,1,1,11433.87,0.0,758,1,7,35.6,0
CUST-02239,28,81,1,1,0,9932.9,19343.7,459,0,24,76.4,0
CUST-02240,43,46,1,0,1,13823.73,0.0,701,1,4,62.4,0
CUST-02241,56,97,1,1,1,7958.14,16480.79,789,0,15,48.6,0
CUST-02242,48,11,1,0,0,12093.04,33289.4,699,0,10,65.0,0
CUST-02243,38,80,1,1,0,9620.24,11143.91,714,1,7,46.3,1
CUST-02244,47,58,2,1,1,4186.48,31315.56,688,0,11,60.4,0
CUST-02245,44,15,2,1,0,9315.55,31484.9,601,0,13,76.5,0
CUST-02246,25,61,1,1,0,5980.2,10295.39,695,0,3,72.9,0
CUST-02247,33,115,2,1,1,8783.31,10605.16,658,0,14,22.9,0
CUST-02248,46,76,4,0,0,20681.51,12746.9,653,0,8,62.4,1
CUST-02249,39,57,4,1,1,8100.37,33541.02,560,0,0,29.3,0
CUST-02250,44,40,2,1,1,6816.24,6815.71,692,2,16,63.0,1
CUST-02251,51,12,2,1,1,12474.76,15656.32,768,0,5,69.1,0
CUST-02252,18,11,2,0,1,12098.42,17430.0,634,0,8,63.4,0
CUST-02253,58,39,2,1,1,11657.17,28645.6,696,2,14,68.8,0
CUST-02254,18,77,1,1,1,10598.3,15386.86,649,0,20,53.3,0
CUST-02255,40,46,2,1,1,9989.81,9065.06,629,0,20,41.8,0
CUST-02256,42,99,2,1,0,3673.27,10967.04,436,0,10,66.7,0
CUST-02257,38,23,2,0,1,7577.81,13243.23,598,1,12,75.1,1
CUST-02258,42,19,2,0,1,9957.76,20905.12,680,2,23,58.8,0
CUST-02259,33,53,3,1,1,16681.29,6346.42,672,1,3,45.4,0
CUST-02260,31,48,1,0,0,2035.27,0.0,666,0,15,52.6,1
CUST-02261,39,96,1,1,1,9864.45,13576.71,604,1,10,44.7,0
CUST-02262,42,70,2,0,0,7541.45,6421.3,632,0,4,61.2,1
CUST-02263,32,52,2,1,1,11617.46,15207.8,674,0,11,55.1,1
CUST-02264,44,28,3,0,1,5898.45,11825.68,812,2,10,62.2,1
CUST-02265,30,71,2,1,1,16493.37,21735.02,614,1,4,43.9,0
CUST-02266,33,123,1,0,0,16334.91,14762.01,580,1,12,70.7,0
CUST-02267,37,54,1,1,1,14086.71,0.0,598,0,8,41.7,1
CUST-02268,45,14,1,1,1,5418.67,15595.0,631,0,21,19.4,1
CUST-02269,36,4,1,0,1,9157.38,16445.52,665,0,16,53.2,0
CUST-02270,45,41,4,1,1,9051.65,11259.82,610,0,16,55.5,0
CUST-02271,59,57,3,0,1,19320.24,0.0,730,0,10,34.6,0
CUST-02272,34,30,2,0,1,6757.89,3256.25,521,0,7,57.5,0
CUST-02273,55,38,3,1,0,11339.61,8955.02,581,1,16,54.5,0
CUST-02274,24,37,4,1,0,5892.79,37206.85,690,0,9,44.7,1
CUST-02275,48,89,2,1,1,6005.97,2114.2,713,0,8,35.1,0
CUST-02276,38,13,2,1,1,12842.09,14550.36,500,0,0,55.8,0
CUST-02277,65,37,3,1,1,14306.87,2570.7,850,1,13,63.2,0
CUST-02278,34,83,2,1,1,14761.97,5211.52,625,0,24,58.2,0
CUST-02279,30,96,1,1,0,7560.34,5153.68,680,0,18,71.2,0
CUST-02280,52,34,2,1,1,5677.68,0.0,508,0,8,77.9,1
CUST-02281,45,46,2,0,1,12011.18,32148.34,509,1,17,68.0,0
CUST-02282,41,107,2,0,0,11398.46,34496.21,597,0,6,66.5,0
CUST-02283,18,90,2,1,0,7029.0,24799.03,582,1,9,12.2,0
CUST-02284,45,28,3,0,0,18585.31,11080.53,837,2,14,90.6,1
CUST-02285,39,23,1,1,0,10688.17,28712.25,600,0,18,67.6,0
CUST-02286,41,56,1,1,0,7806.28,15172.65,586,0,4,41.4,1
CUST-02287,30,25,2,1,1,3949.0,16415.99,633,1,13,37.4,0
CUST-02288,55,40,1,1,1,11301.84,7485.5,694,0,11,69.9,1
CUST-02289,40,62,1,0,1,9605.19,24861.66,850,0,9,41.9,1
CUST-02290,37,3,1,1,1,14607.34,21417.07,680,0,11,84.9,1
CUST-02291,21,60,3,0,1,8630.3,7127.22,671,1,4,17.7,1
CUST-02292,37,66,4,0,0,3863.84,28758.21,623,0,9,61.6,1
CUST-02293,27,45,1,1,1,6010.49,3706.94,570,1,19,24.5,0
CUST-02294,56,77,2,1,0,8871.72,17531.83,682,0,7,43.5,0
CUST-02295,43,33,1,0,1,13130.6,18460.19,611,0,5,31.6,0
CUST-02296,32,43,1,0,0,7204.17,39754.14,772,0,12,58.8,1
CUST-02297,37,1,2,1,0,17018.79,932.71,761,0,9,45.8,1
CUST-02298,57,1,1,1,0,19876.1,10987.99,645,0,14,72.6,1
CUST-02299,41,19,3,1,0,7966.47,8815.8,704,0,12,40.3,0
CUST-02300,39,49,1,1,0,10460.62,15380.84,570,0,3,71.9,1
CUST-02301,62,51,2,0,0,10049.48,7826.83,850,0,10,67.0,0
CUST-02302,44,42,1,0,0,14973.87,15756.12,793,1,9,46.9,0
CUST-02303,50,42,2,0,1,7593.9,0.0,616,0,17,47.7,0
CUST-02304,35,47,2,0,1,5860.84,18731.1,605,1,11,35.6,0
CUST-02305,35,52,1,1,1,11338.58,8691.46,630,0,8,30.1,0
CUST-02306,50,28,1,1,1,4289.87,0.0,446,0,1,34.5,0
CUST-02307,39,3,1,0,0,15430.44,1323.13,589,1,23,41.8,0
CUST-02308,44,69,1,1,1,18582.11,26212.59,592,0,17,92.1,0
CUST-02309,39,11,3,1,0,13780.44,26245.28,640,0,12,53.2,0
CUST-02310,40,94,1,1,0,1500.0,47018.8,707,0,8,79.3,0
CUST-02311,38,19,2,0,1,3380.09,4859.72,573,0,9,59.3,1
CUST-02312,24,39,4,1,1,15144.5,0.0,531,0,5,46.7,0
CUST-02313,55,78,2,1,0,9401.79,28102.25,761,1,17,26.3,0
CUST-02314,32,36,2,1,1,16957.72,5728.71,707,1,16,74.0,1
CUST-02315,25,14,1,1,1,9634.37,23446.48,738,0,17,57.4,1
CUST-02316,41,44,1,1,1,8204.37,27538.83,602,0,11,91.4,0
CUST-02317,32,77,1,0,1,12552.62,0.0,694,0,3,91.2,0
CUST-02318,55,49,2,1,1,13450.04,35994.5,474,0,9,46.8,1
CUST-02319,47,44,4,1,1,2543.61,13328.91,535,0,13,34.6,0
CUST-02320,33,46,1,1,1,7740.69,26214.85,650,0,10,46.4,0
CUST-02321,29,87,2,1,1,12596.93,43946.92,757,0,7,69.0,0
CUST-02322,47,12,2,1,1,5708.17,42354.49,615,1,4,32.3,0
CUST-02323,31,58,1,1,0,4529.75,5069.06,669,0,16,69.7,0
CUST-02324,23,121,3,0,1,11012.28,24227.38,659,2,13,30.8,0
CUST-02325,20,50,3,1,0,2984.91,11548.49,726,0,20,33.8,0
CUST-02326,48,74,1,0,0,14800.05,5770.19,767,0,22,18.2,1
CUST-02327,21,28,1,0,0,6509.83,19877.57,627,0,21,78.7,0
CUST-02328,25,34,2,1,1,3350.19,20322.15,623,0,7,71.8,0
CUST-02329,48,52,3,0,1,7430.61,26034.38,568,1,4,47.3,0
CUST-02330,49,47,2,1,0,11235.98,43386.91,718,0,9,49.1,0
CUST-02331,26,21,1,1,0,13931.4,2800.36,652,0,22,75.0,0
CUST-02332,32,74,1,1,1,9767.87,20904.47,543,1,18,34.9,1
CUST-02333,51,36,3,0,0,4966.94,7940.5,563,1,15,34.3,1
CUST-02334,42,71,4,1,1,1500.0,3777.07,692,1,9,30.9,1
CUST-02335,34,47,2,1,0,11178.0,31782.45,817,0,17,49.7,1
CUST-02336,41,91,2,0,0,7202.4,14713.83,571,0,12,71.9,0
CUST-02337,45,45,1,0,0,7793.28,24443.58,612,2,22,46.4,0
CUST-02338,26,24,1,0,1,13895.0,26366.57,629,1,6,68.9,0
CUST-02339,27,84,1,1,1,9426.53,27039.93,645,0,9,43.6,1
CUST-02340,53,8,2,1,0,6681.9,11510.57,653,0,25,25.7,1
CUST-02341,61,39,1,1,1,10563.37,10229.89,644,3,12,70.9,0
CUST-02342,50,41,2,1,1,12727.24,15762.33,562,0,16,35.7,1
CUST-02343,37,81,1,0,1,12251.39,29936.99,662,0,8,57.6,1
CUST-02344,31,63,1,1,0,8839.83,24142.83,513,0,14,51.0,0
CUST-02345,40,55,1,1,0,16033.26,0.0,808,0,12,48.3,0
CUST-02346,52,98,2,0,0,9667.69,3321.66,569,0,6,56.8,1
CUST-02347,55,53,2,1,0,9549.06,12195.92,598,2,24,60.8,0
CUST-02348,39,10,1,0,1,10616.51,1362.54,657,1,2,68.9,0
CUST-02349,44,15,3,1,1,10896.18,28739.82,720,1,15,88.3,0
CUST-02350,22,7,2,0,0,1500.0,30146.97,591,0,6,38.0,0
CUST-02351,38,48,1,0,1,17088.99,7116.73,653,1,10,88.5,0
CUST-02352,57,46,1,0,1,6090.81,15163.43,789,1,14,43.5,0
CUST-02353,38,59,3,1,1,9036.91,8902.77,575,2,8,57.9,0
CUST-02354,45,55,1,0,0,9048.14,4242.75,632,1,10,49.3,0
CUST-02355,50,54,1,1,1,15317.57,10328.67,683,1,10,68.5,0
CUST-02356,49,99,1,1,0,11581.5,8999.55,627,0,17,68.7,0
CUST-02357,41,58,1,1,0,10525.03,17599.39,657,3,22,28.3,1
CUST-02358,33,24,2,1,0,12857.19,26468.21,567,2,12,66.8,0
CUST-02359,18,34,1,1,1,10394.44,18757.49,710,1,11,39.8,1
CUST-02360,26,34,2,0,0,9474.78,0.0,619,2,12,73.2,0
CUST-02361,36,46,2,0,1,7896.79,20196.56,641,0,14,51.6,0
CUST-02362,48,5,1,0,1,5175.29,19017.03,653,0,10,37.3,0
CUST-02363,42,80,3,1,1,7658.05,20881.52,632,0,14,45.3,1
CUST-02364,53,11,4,1,1,7661.56,20544.36,791,1,0,48.9,0
CUST-02365,25,63,2,1,1,8879.95,18409.88,601,0,11,71.6,0
CUST-02366,18,74,2,1,1,10043.68,0.0,525,1,6,79.5,0
CUST-02367,47,69,1,0,0,8280.54,14131.39,670,0,18,49.6,0
CUST-02368,61,54,2,1,1,11496.02,1142.3,624,1,14,50.9,0
CUST-02369,42,50,4,1,1,5302.9,7584.97,689,1,9,34.6,0
CUST-02370,33,98,2,0,1,12031.13,17809.98,679,0,18,20.4,0
CUST-02371,50,72,1,1,0,14985.24,34848.01,594,0,1,71.3,1
CUST-02372,56,9,1,0,0,5443.99,35789.53,650,0,12,71.6,0
CUST-02373,25,67,2,1,1,13595.75,3343.21,764,0,7,28.8,0
CUST-02374,36,16,1,0,0,12624.05,8215.71,653,0,22,8.8,1
CUST-02375,52,73,1,0,1,6888.48,20783.45,617,0,17,37.8,0
CUST-02376,43,72,1,1,0,1500.0,25360.45,588,0,8,23.0,0
CUST-02377,30,127,3,1,0,18315.17,25333.21,686,0,16,27.4,0
CUST-02378,36,54,2,1,0,10266.74,20677.99,547,0,6,44.7,0
CUST-02379,29,44,2,0,0,11457.18,34776.83,742,0,7,77.2,0
CUST-02380,22,41,2,0,0,6706.99,24693.13,544,2,22,52.7,0
CUST-02381,43,68,2,1,0,15344.88,25720.7,602,0,9,63.6,0
CUST-02382,24,65,2,0,1,16428.47,5918.0,633,0,9,50.9,1
CUST-02383,38,64,1,1,0,9920.0,3177.69,740,1,12,39.0,0
CUST-02384,28,86,1,1,1,7323.94,18967.21,714,1,3,53.5,0
CUST-02385,45,65,2,1,1,9474.58,16722.02,667,1,11,62.1,0
CUST-02386,35,6,2,0,0,6405.34,9736.33,597,0,13,54.7,0
CUST-02387,36,36,2,1,1,1953.44,8903.9,674,0,17,67.9,0
CUST-02388,21,53,3,1,0,10243.01,26260.83,672,2,1,80.5,0
CUST-02389,42,64,3,1,0,5938.48,28251.39,606,1,19,33.7,0
CUST-02390,34,15,1,1,1,1500.0,18605.21,631,2,14,87.7,1
CUST-02391,30,84,1,1,0,9534.73,5984.08,711,0,17,29.6,0
CUST-02392,44,39,2,1,0,6309.57,4606.25,643,1,26,69.0,0
CUST-02393,50,78,1,0,1,4652.54,634.85,563,0,8,39.3,1
CUST-02394,59,76,1,1,1,16121.03,17133.02,618,1,22,66.0,0
CUST-02395,42,31,1,1,0,1500.0,21391.45,613,0,14,76.8,0
CUST-02396,42,70,1,1,1,5166.29,25142.61,686,0,18,43.9,0
CUST-02397,28,85,2,1,1,7193.26,16130.68,771,1,11,44.0,0
CUST-02398,31,54,2,1,0,7393.15,22793.57,619,0,4,40.2,1
CUST-02399,53,70,1,1,0,1500.0,3709.07,661,0,20,55.7,0
CUST-02400,34,15,2,0,0,7612.92,22462.76,698,0,14,22.1,0
CUST-02401,61,15,1,0,1,11172.54,18906.84,570,1,21,43.7,1
CUST-02402,25,63,3,1,1,13973.71,7213.38,733,0,16,79.7,0
CUST-02403,38,1,1,1,1,7834.01,19155.67,657,0,20,24.8,1
CUST-02404,37,31,2,1,0,9117.97,3590.74,754,0,25,44.3,1
CUST-02405,32,47,1,1,1,17956.65,39375.57,668,1,13,19.8,1
CUST-02406,36,70,3,0,0,11789.35,25135.62,850,0,22,63.9,0
CUST-02407,37,91,4,0,0,15001.02,18911.33,763,0,12,34.8,0
CUST-02408,42,80,1,1,0,13001.96,9421.46,708,0,21,82.7,0
CUST-02409,39,12,1,1,1,8862.01,35372.7,702,0,7,35.0,1
CUST-02410,52,40,3,1,1,10348.85,18457.66,597,0,11,52.7,0
CUST-02411,70,63,4,0,1,4528.91,27757.55,718,0,9,64.4,0
CUST-02412,49,38,2,1,0,6688.25,12081.35,701,1,21,51.1,0
CUST-02413,45,63,1,1,0,1500.0,28627.16,755,0,9,68.1,0
CUST-02414,28,20,1,1,1,14857.35,6213.64,702,1,11,51.1,0
CUST-02415,33,21,2,1,0,10288.47,25326.48,541,1,16,71.0,0
CUST-02416,20,130,2,1,1,12967.31,21878.81,653,0,9,69.9,0
CUST-02417,46,36,1,1,1,12806.33,11662.7,580,0,9,58.3,1
CUST-02418,22,47,2,1,0,5347.11,19710.73,653,0,16,34.7,1
CUST-02419,48,83,2,1,1,14848.83,23365.35,649,0,14,28.9,0
CUST-02420,31,50,2,1,0,9754.42,4070.43,539,1,10,67.8,0
CUST-02421,44,91,2,0,0,13319.37,11507.73,655,0,15,61.4,0
CUST-02422,46,128,2,1,0,8466.68,16657.75,719,0,11,34.7,0
CUST-02423,18,59,2,1,0,10836.16,14942.95,691,0,9,90.1,1
CUST-02424,30,142,2,1,1,8632.16,1458.01,618,1,17,60.8,0
CUST-02425,44,38,1,1,1,12519.41,6913.73,626,0,8,43.0,1
CUST-02426,46,1,2,1,0,12049.1,0.0,624,0,0,82.3,1
CUST-02427,50,61,2,0,0,15959.52,15305.0,655,0,9,59.4,0
CUST-02428,36,68,2,1,0,9206.7,14202.3,626,0,12,82.9,0
CUST-02429,39,13,3,0,0,13338.56,15521.01,647,1,14,51.5,0
CUST-02430,61,10,1,1,0,16822.74,10945.24,556,0,4,68.4,0
CUST-02431,42,24,2,1,1,10125.03,8724.28,449,0,0,75.9,0
CUST-02432,50,1,1,1,1,1500.0,0.0,603,1,0,59.5,1
CUST-02433,37,50,1,1,1,9566.52,33509.06,495,0,12,48.9,0
CUST-02434,22,29,2,1,0,11148.9,3857.28,710,1,17,79.2,0
CUST-02435,46,102,3,1,0,10844.72,3933.96,577,0,0,57.6,0
CUST-02436,47,83,1,0,0,13876.88,2046.19,588,0,18,38.9,0
CUST-02437,51,43,2,1,1,10147.59,10550.97,609,0,11,56.1,1
CUST-02438,29,44,1,0,1,11131.49,7229.54,558,1,11,29.3,1
CUST-02439,32,93,1,1,0,7383.9,20965.9,698,0,2,75.7,0
CUST-02440,18,74,1,1,1,5088.32,25908.29,589,0,17,67.7,0
CUST-02441,47,5,1,1,1,6244.67,12813.03,809,0,5,40.2,1
CUST-02442,50,56,1,1,1,4606.23,16209.61,624,0,13,51.5,0
CUST-02443,32,63,1,1,1,16778.85,13967.59,664,0,17,57.5,1
CUST-02444,35,57,1,0,1,8195.11,15905.77,600,0,13,64.7,0
CUST-02445,37,79,1,0,1,2523.6,22307.2,525,0,16,44.7,0
CUST-02446,59,37,1,1,0,22414.6,17878.94,484,1,22,82.9,1
CUST-02447,51,1,2,1,1,15197.09,15671.28,741,1,3,26.5,0
CUST-02448,54,82,1,1,1,3597.75,16489.15,779,0,8,67.8,0
CUST-02449,38,19,3,1,1,4803.09,25019.49,655,1,18,27.1,0
CUST-02450,35,36,1,1,1,12060.98,25122.81,761,0,0,76.0,0
CUST-02451,53,58,1,1,1,10975.16,35791.91,690,0,12,38.2,0
CUST-02452,20,8,2,1,1,12114.92,10446.89,601,2,6,62.1,1
CUST-02453,46,45,3,1,1,10024.49,5716.15,792,0,10,60.1,0
CUST-02454,24,18,1,0,0,15305.74,27292.92,560,0,16,54.4,0
CUST-02455,49,29,1,0,1,19014.71,5015.41,616,0,11,68.6,0
CUST-02456,46,19,2,1,0,8746.2,18697.18,670,1,17,34.9,0
CUST-02457,29,13,1,1,0,20813.97,13409.13,607,1,15,62.8,0
CUST-02458,43,74,2,0,1,6637.37,19075.79,658,0,16,45.2,0
CUST-02459,26,69,3,1,1,3987.3,25671.95,685,0,11,46.6,0
CUST-02460,27,52,2,0,0,8753.63,15401.61,519,0,12,49.4,0
CUST-02461,35,31,1,1,0,12377.01,4271.11,607,1,16,28.8,0
CUST-02462,31,12,1,0,1,15104.22,8805.51,530,1,1,91.1,0
CUST-02463,52,1,2,1,1,9146.4,23850.46,717,2,6,70.4,0
CUST-02464,65,31,2,1,1,12159.25,15111.3,582,0,10,42.7,0
CUST-02465,40,38,1,1,1,21735.89,12592.5,639,0,20,48.4,0
CUST-02466,40,57,2,1,0,10214.39,13419.75,606,0,14,48.1,0
CUST-02467,49,76,1,1,0,10799.38,6682.66,668,0,15,76.4,0
CUST-02468,36,46,1,1,0,7688.81,382.83,755,0,4,87.8,0
CUST-02469,45,50,3,1,1,8676.32,19013.37,593,0,16,26.3,1
CUST-02470,18,29,1,1,1,17867.15,26075.9,791,1,14,100.0,0
CUST-02471,32,43,2,1,1,11977.41,18275.08,811,0,22,46.5,0
CUST-02472,21,64,1,1,1,8541.61,16285.6,595,0,6,50.9,1
CUST-02473,18,20,4,1,0,2381.43,18863.41,670,0,13,25.5,1
CUST-02474,51,46,2,1,0,2103.61,36747.62,594,0,5,58.6,1
CUST-02475,36,50,1,1,1,8660.97,0.0,617,1,13,43.3,1
CUST-02476,59,19,1,1,1,1500.0,30018.68,551,1,10,29.9,1
CUST-02477,58,14,2,1,0,17534.32,25962.2,671,1,20,86.5,0
CUST-02478,39,89,2,1,0,14371.32,19492.76,822,0,7,39.3,0
CUST-02479,35,72,2,1,1,16979.13,5525.21,715,0,12,93.6,0
CUST-02480,31,38,2,1,1,15019.98,15140.38,580,1,15,49.1,0
CUST-02481,18,47,2,1,1,15171.67,29543.17,690,0,7,54.3,0
CUST-02482,33,71,2,1,1,7987.42,19815.77,575,0,5,5.3,1
CUST-02483,37,18,1,0,0,2495.16,18345.2,568,1,14,63.9,1
CUST-02484,32,47,1,0,0,11033.94,8732.4,675,0,5,52.6,1
CUST-02485,28,73,3,1,1,2163.91,15468.25,652,0,0,36.3,0
CUST-02486,39,23,2,0,0,13911.39,19080.71,641,2,16,43.1,1
CUST-02487,35,55,1,1,0,11416.18,26876.74,647,1,13,50.8,1
CUST-02488,41,1,2,0,0,9246.83,30014.64,710,0,8,89.4,0
CUST-02489,28,50,1,1,1,13627.01,6827.18,658,1,8,43.7,0
CUST-02490,62,44,1,1,1,6047.95,9722.0,643,0,13,100.0,0
CUST-02491,46,105,2,1,1,7377.38,939.65,533,2,2,50.4,0
CUST-02492,38,55,1,1,0,8081.7,19552.35,666,1,9,61.0,0
CUST-02493,30,34,3,1,1,1500.0,5065.19,646,1,15,53.0,0
CUST-02494,28,64,1,0,1,17341.93,5401.97,507,0,12,68.0,0
CUST-02495,49,55,1,1,1,13669.03,36250.56,548,0,17,63.3,0
CUST-02496,35,19,1,1,0,1500.0,33852.14,744,1,10,57.4,0
CUST-02497,40,48,1,1,1,4128.54,15382.28,713,1,9,47.3,0
CUST-02498,45,106,1,1,0,11800.14,4437.17,554,2,13,41.7,0
CUST-02499,33,61,1,1,1,10618.7,12903.96,573,0,9,69.7,0
CUST-02500,43,3,3,1,0,10861.83,12438.28,707,0,6,61.3,0
CUST-02501,18,41,1,0,1,16223.43,12803.99,613,0,23,70.4,0
CUST-02502,28,60,3,1,1,9411.0,0.0,642,0,22,71.3,0
CUST-02503,18,46,1,1,0,9393.78,12196.17,504,0,20,66.4,0
CUST-02504,35,92,2,0,0,8509.37,18257.24,648,0,21,45.5,0
CUST-02505,35,36,1,1,0,8821.12,18067.01,702,1,4,84.5,0
CUST-02506,61,98,3,1,1,8476.91,0.0,604,0,9,45.0,0
CUST-02507,30,30,4,1,1,16145.76,9308.52,670,0,10,0.0,0
CUST-02508,41,49,1,1,1,5498.63,20355.48,566,0,8,9.6,1
CUST-02509,45,84,3,1,0,8366.8,4038.29,535,0,8,28.2,0
CUST-02510,56,1,1,1,0,15044.4,13032.48,723,0,19,81.7,0
CUST-02511,45,22,1,1,1,13447.36,16308.97,611,0,16,19.0,1
CUST-02512,49,66,2,0,0,19256.91,0.0,726,1,15,55.6,1
CUST-02513,61,94,1,1,1,9279.29,24965.81,581,0,9,70.4,0
CUST-02514,20,29,1,0,1,5304.66,0.0,770,0,1,57.4,0
CUST-02515,33,66,1,1,1,8511.91,21223.06,606,2,2,25.4,0
CUST-02516,35,14,1,1,1,12696.69,0.0,632,1,14,54.4,0
CUST-02517,39,65,1,1,0,11126.44,13280.29,693,0,10,10.9,1
CUST-02518,32,96,2,1,1,6845.88,21032.35,594,1,4,35.2,0
CUST-02519,52,40,1,1,1,3401.79,11511.87,547,1,19,34.1,1
CUST-02520,32,35,2,1,1,16283.56,12613.27,625,0,16,60.5,0
CUST-02521,32,88,1,1,0,19575.39,8749.98,751,0,8,91.1,0
CUST-02522,45,70,1,1,0,3381.76,0.0,668,0,18,53.8,1
CUST-02523,31,79,1,1,1,12202.89,6033.26,710,0,12,76.3,0
CUST-02524,27,84,3,1,0,9166.28,10912.33,643,3,5,40.3,0
CUST-02525,24,46,1,1,0,8745.07,30482.6,499,1,15,48.0,0
CUST-02526,38,79,3,1,0,7706.87,21405.98,628,0,11,100.0,0
CUST-02527,52,103,3,1,0,4239.64,15046.19,602,0,17,32.1,0
CUST-02528,49,38,2,0,1,10135.17,16403.08,605,0,17,67.4,0
CUST-02529,45,75,2,1,1,11481.94,17685.55,664,0,15,71.9,0
CUST-02530,41,36,1,1,0,9158.7,30404.5,663,0,8,76.7,0
CUST-02531,33,92,1,1,1,13247.7,12703.04,597,0,6,76.3,0
CUST-02532,38,66,1,1,1,15777.17,25941.13,779,0,3,71.0,0
CUST-02533,25,10,1,1,1,11127.17,16927.35,686,0,18,54.9,0
CUST-02534,41,54,1,1,0,13004.32,0.0,673,1,2,72.3,1
CUST-02535,51,33,3,1,1,14534.55,369.81,641,0,21,53.7,0
CUST-02536,20,74,1,1,1,6738.42,7537.76,769,0,9,24.8,0
CUST-02537,55,44,2,0,0,7535.77,24173.16,635,2,14,37.3,1
CUST-02538,18,45,1,1,0,9996.38,0.0,800,0,11,65.9,0
CUST-02539,30,68,2,0,1,9630.48,0.0,758,1,16,19.6,1
CUST-02540,26,35,2,1,1,8147.09,19547.39,604,1,2,25.3,0
CUST-02541,31,1,2,1,1,6681.45,30312.53,564,1,17,6.8,1
CUST-02542,35,32,1,1,0,5784.57,4633.08,611,0,11,54.7,1
CUST-02543,54,31,2,0,1,2716.32,23958.87,681,0,12,52.2,0
CUST-02544,27,94,1,1,1,11077.5,0.0,433,1,9,43.6,0
CUST-02545,28,1,2,0,0,11747.88,20084.0,702,0,7,63.3,0
CUST-02546,30,101,2,1,1,16585.36,17298.58,679,1,26,60.4,0
CUST-02547,33,53,1,0,0,15689.01,12848.69,749,0,15,30.3,1
CUST-02548,32,61,2,1,1,9724.0,10260.19,620,0,8,71.0,0
CUST-02549,23,43,3,0,1,14404.41,13262.44,629,0,12,56.1,0
CUST-02550,42,43,1,1,1,14663.26,20014.0,638,0,22,60.7,1
CUST-02551,38,31,1,1,1,12066.22,9879.37,720,1,8,56.4,0
CUST-02552,51,109,1,1,1,11191.72,16204.23,629,0,20,32.2,0
CUST-02553,54,27,1,1,1,13624.43,16450.4,568,0,16,59.1,0
CUST-02554,21,62,1,1,1,10609.71,19164.67,522,0,22,51.6,0
CUST-02555,58,54,1,1,1,1500.0,4438.49,660,0,18,68.1,0
CUST-02556,45,49,2,0,1,14178.55,27130.19,608,1,7,62.5,0
CUST-02557,54,78,1,0,0,1500.0,30764.15,563,0,8,63.6,0
CUST-02558,38,65,1,0,1,10008.63,18347.56,791,2,6,84.3,0
CUST-02559,47,1,3,1,1,5450.57,25523.33,705,0,4,82.0,0
CUST-02560,46,1,1,1,0,5779.76,21393.0,556,0,17,42.7,1
CUST-02561,55,33,3,0,1,10284.74,31008.87,551,0,9,58.3,0
CUST-02562,32,90,2,1,1,4436.98,9834.69,758,0,21,6.6,0
CUST-02563,32,105,1,1,1,13297.85,17888.54,786,0,9,43.4,0
CUST-02564,36,37,1,1,1,6614.76,8238.4,631,0,7,64.0,0
CUST-02565,56,50,3,1,0,7754.21,31828.95,717,0,15,35.8,0
CUST-02566,58,15,1,1,0,4744.6,28929.03,593,1,4,50.9,0
CUST-02567,26,58,2,1,1,14004.52,28026.01,697,1,20,53.9,1
CUST-02568,46,57,1,0,0,16408.46,33452.75,596,2,12,52.9,0
CUST-02569,39,29,1,1,0,13374.28,6108.6,630,0,7,83.6,0
CUST-02570,37,45,3,0,0,14289.9,1678.19,587,0,5,41.5,0
CUST-02571,46,63,4,1,0,8527.49,12061.78,608,1,6,20.1,0
CUST-02572,62,100,1,1,1,9065.29,28052.42,631,2,10,21.4,1
CUST-02573,47,106,3,1,1,1500.0,30985.26,596,0,8,87.2,0
CUST-02574,34,126,2,1,0,10107.93,9610.22,657,0,0,59.3,0
CUST-02575,32,30,3,1,0,9904.77,13050.21,708,0,22,35.2,0
CUST-02576,46,1,3,1,1,6176.27,15810.23,722,1,11,61.4,0
CUST-02577,43,51,4,1,0,18000.83,12397.47,588,0,17,51.2,0
CUST-02578,53,14,2,0,1,7988.21,0.0,741,0,8,42.5,1
CUST-02579,57,64,3,1,0,5605.94,18560.01,658,0,25,51.3,0
CUST-02580,43,38,1,1,0,11162.62,13080.4,647,0,15,40.6,0
CUST-02581,47,26,3,0,0,10443.38,15723.79,559,0,6,19.1,0
CUST-02582,60,47,2,1,1,9311.77,29455.31,667,0,17,85.0,0
CUST-02583,55,79,3,1,1,8396.53,9759.48,698,0,14,53.4,0
CUST-02584,29,60,2,0,0,2507.79,13658.05,592,0,10,60.0,1
CUST-02585,23,48,1,1,0,18386.37,0.0,619,1,7,29.2,1
CUST-02586,24,23,2,1,0,1500.0,15999.65,600,0,5,52.7,0
CUST-02587,19,15,1,1,1,8916.66,676.31,635,1,16,42.6,0
CUST-02588,45,59,1,1,0,1904.02,29719.4,612,0,1,33.6,1
CUST-02589,25,36,4,1,0,11416.91,9423.62,645,0,14,90.7,1
CUST-02590,48,19,4,1,1,14377.81,22044.7,587,2,3,42.1,1
CUST-02591,30,65,1,0,1,6650.69,24274.6,651,1,1,75.2,0
CUST-02592,51,48,1,1,0,8260.68,8618.99,610,0,9,73.1,0
CUST-02593,47,40,1,1,1,10071.83,10595.99,699,0,9,67.8,0
CUST-02594,42,96,2,1,1,8319.13,19067.49,647,1,9,13.8,0
CUST-02595,45,29,1,1,1,12693.32,2885.68,739,0,13,26.4,0
CUST-02596,24,77,2,1,0,10665.15,22776.01,820,0,4,81.3,0
CUST-02597,18,53,1,1,1,8559.64,10696.43,556,1,9,55.7,0
CUST-02598,33,62,1,0,1,4896.33,11845.49,601,1,21,52.8,0
CUST-02599,45,52,4,1,0,14928.23,45060.98,701,0,18,50.1,0
CUST-02600,24,78,1,1,0,11129.25,18317.93,705,0,15,80.2,1
CUST-02601,47,94,2,1,1,12379.39,24910.14,712,0,19,48.7,0
CUST-02602,47,9,2,0,1,9707.11,0.0,745,0,13,25.0,1
CUST-02603,41,85,3,1,0,8629.29,13407.27,671,1,2,23.0,1
CUST-02604,43,40,1,1,0,8875.52,24636.17,565,0,4,37.1,0
CUST-02605,38,59,1,0,0,16895.39,16899.93,767,0,12,77.8,1
CUST-02606,41,57,2,1,1,8759.56,21631.29,674,1,16,89.8,0
CUST-02607,24,33,1,1,1,10065.48,15872.21,660,0,7,34.5,1
CUST-02608,52,32,1,1,0,11150.64,32735.51,569,1,12,43.1,0
CUST-02609,44,54,2,1,1,7043.06,3152.54,700,2,12,57.4,0
CUST-02610,46,30,2,0,1,18160.81,18434.82,691,0,13,79.9,1
CUST-02611,30,69,1,0,1,1500.0,20272.32,672,0,13,40.9,0
CUST-02612,22,4,2,0,0,12055.33,21242.22,575,1,20,49.6,0
CUST-02613,54,43,2,1,1,10679.21,24311.31,758,1,20,63.3,0
CUST-02614,22,90,1,1,0,7730.6,21725.75,608,1,8,65.8,0
CUST-02615,35,43,3,1,0,4825.84,18717.14,688,0,6,41.4,0
CUST-02616,38,20,3,0,1,14031.03,3236.12,750,2,10,49.2,1
CUST-02617,42,46,2,1,1,10919.69,19040.87,611,1,6,41.0,1
CUST-02618,43,18,2,1,1,8586.56,0.0,628,1,1,35.5,0
CUST-02619,39,72,1,1,1,9956.56,11772.56,701,0,20,47.3,0
CUST-02620,22,52,4,0,1,15956.16,16979.54,737,0,20,44.2,0
CUST-02621,36,41,4,1,1,7785.55,0.0,742,0,15,48.4,0
CUST-02622,38,69,1,1,1,7657.41,31436.18,553,0,11,35.8,0
CUST-02623,46,46,2,0,1,12794.89,0.0,710,0,24,69.9,0
CUST-02624,42,27,2,1,1,7061.08,5486.22,687,1,14,89.9,0
CUST-02625,53,38,2,0,1,5204.45,19882.67,522,0,3,54.1,0
CUST-02626,49,25,2,1,1,11311.43,20749.15,564,1,9,96.8,0
CUST-02627,24,15,1,1,1,5575.02,21815.43,642,0,16,35.6,0
CUST-02628,40,66,1,1,1,8785.44,12262.42,685,0,0,44.3,0
CUST-02629,45,28,3,1,1,11044.53,978.37,797,0,18,71.4,1
CUST-02630,33,30,1,1,1,9115.73,17099.49,709,0,4,22.8,1
CUST-02631,58,75,1,1,0,9784.95,9902.58,726,0,15,45.7,0
CUST-02632,33,8,2,1,1,8251.6,5709.34,647,0,11,64.1,0
CUST-02633,24,23,2,1,1,8263.48,17413.99,688,1,11,88.2,0
CUST-02634,18,31,2,1,1,16310.53,20085.52,748,0,15,16.4,1
CUST-02635,34,95,1,1,1,23134.58,26182.38,631,1,15,45.0,0
CUST-02636,34,43,3,0,1,3738.46,0.0,602,0,14,50.1,0
CUST-02637,35,53,3,1,0,13091.7,16046.02,650,0,10,44.6,0
CUST-02638,18,50,1,1,0,9523.4,13758.26,614,0,6,43.5,0
CUST-02639,40,11,2,0,1,11191.72,21566.49,542,0,14,81.3,0
CUST-02640,53,59,3,1,0,3766.59,11955.76,533,1,10,51.5,1
CUST-02641,32,73,2,0,0,12422.75,0.0,744,1,6,58.6,0
CUST-02642,47,99,1,1,1,8134.16,1794.15,558,0,20,54.5,0
CUST-02643,32,42,2,1,1,13351.03,8953.53,600,1,13,58.0,0
CUST-02644,30,66,3,0,1,12571.45,6851.75,613,0,14,63.3,0
CUST-02645,56,76,1,1,0,16147.41,7647.03,587,1,11,68.1,0
CUST-02646,48,50,2,1,0,13322.48,15656.99,541,0,9,31.0,0
CUST-02647,50,111,2,0,1,14212.99,16955.55,695,0,6,78.5,0
CUST-02648,68,107,2,1,0,5866.85,13820.09,669,0,13,42.7,0
CUST-02649,40,92,1,1,1,9665.77,16939.98,688,0,18,45.1,0
CUST-02650,40,11,1,1,0,4400.05,15061.52,726,0,13,56.8,0
CUST-02651,42,41,2,1,0,14473.65,13107.71,713,0,13,54.3,0
CUST-02652,57,72,2,1,1,10497.01,0.0,594,1,9,48.1,0
CUST-02653,51,51,1,0,0,8712.83,21676.02,712,0,12,75.1,0
CUST-02654,29,1,2,0,0,3600.81,17223.43,616,0,12,40.3,0
CUST-02655,30,56,1,0,0,4462.26,5126.8,796,1,9,47.6,1
CUST-02656,44,110,1,0,0,3206.41,11102.86,590,0,26,86.3,0
CUST-02657,46,98,1,1,0,10407.65,10456.27,648,1,16,50.2,0
CUST-02658,46,75,2,1,0,8608.56,9127.45,543,0,11,49.4,0
CUST-02659,47,52,1,1,0,8133.63,15909.8,655,0,8,30.5,0
CUST-02660,38,49,2,1,0,2685.56,26626.69,738,1,10,56.9,0
CUST-02661,47,58,1,1,0,10174.94,16694.43,801,0,6,45.7,0
CUST-02662,48,34,1,1,1,11357.88,0.0,548,0,8,89.1,0
CUST-02663,29,35,3,1,1,16685.33,7438.47,672,0,16,47.9,0
CUST-02664,25,55,2,1,1,4460.42,17555.27,679,1,7,43.9,0
CUST-02665,43,111,2,1,0,10321.3,15937.86,647,2,17,69.5,0
CUST-02666,35,67,2,1,1,13182.61,8175.03,702,3,4,77.2,1
CUST-02667,23,57,1,1,1,5785.9,12640.98,610,0,4,63.7,0
CUST-02668,49,82,1,1,1,11906.91,11000.36,546,1,20,83.5,0
CUST-02669,45,100,2,1,1,5219.27,0.0,601,1,20,51.8,0
CUST-02670,57,85,1,1,1,18487.05,3465.9,750,0,20,21.9,0
CUST-02671,39,18,2,1,0,11373.81,2822.06,617,0,16,48.6,1
CUST-02672,41,101,2,1,1,9947.87,17219.99,738,0,12,45.0,0
CUST-02673,23,76,1,0,0,13202.54,23420.84,702,0,12,48.7,0
CUST-02674,57,12,2,1,0,8053.89,21355.14,422,0,24,54.0,1
CUST-02675,47,40,1,1,0,1500.0,16396.0,578,0,14,31.1,0
CUST-02676,51,1,1,1,1,9317.58,40567.16,679,1,19,84.1,1
CUST-02677,37,25,1,1,1,10013.09,12392.17,685,0,9,71.8,0
CUST-02678,39,47,3,1,1,13844.88,0.0,760,0,7,61.7,1
CUST-02679,44,58,1,1,0,10623.05,0.0,680,0,6,34.4,1
CUST-02680,31,38,2,1,1,5642.5,33859.15,774,0,12,10.1,0
CUST-02681,31,55,3,0,0,3471.88,14015.48,611,0,24,60.4,0
CUST-02682,64,34,2,1,1,7868.88,12924.28,659,1,18,61.9,0
CUST-02683,44,62,2,1,1,5947.93,12548.86,705,1,17,53.2,0
CUST-02684,32,49,1,1,0,5402.33,24371.98,669,2,20,61.6,0
CUST-02685,23,67,2,1,1,8305.61,21623.81,697,0,10,53.1,0
CUST-02686,26,77,2,1,1,14487.37,15311.55,569,0,6,40.0,0
CUST-02687,44,71,2,1,0,15407.39,4289.44,662,0,7,66.0,0
CUST-02688,28,42,1,0,0,10671.71,23591.52,655,1,10,52.3,0
CUST-02689,27,1,2,1,1,11041.04,0.0,684,2,4,78.7,1
CUST-02690,37,64,1,1,1,18499.15,9075.07,589,1,8,60.9,0
CUST-02691,44,6,2,0,0,7704.95,25058.58,756,0,9,44.2,0
CUST-02692,55,72,2,1,0,14380.56,34086.48,691,0,22,34.7,0
CUST-02693,30,85,2,1,1,9599.07,30802.38,582,0,19,16.6,0
CUST-02694,31,79,2,0,0,11668.56,26467.69,720,1,2,79.6,0
CUST-02695,44,86,1,0,1,7245.92,28247.38,655,0,12,31.8,0
CUST-02696,34,82,2,1,0,5717.76,954.93,711,0,15,68.7,0
CUST-02697,50,23,1,1,1,9532.0,0.0,723,0,9,49.4,0
CUST-02698,34,10,4,0,0,2819.75,0.0,583,0,14,61.4,1
CUST-02699,24,1,1,0,1,12166.75,7028.86,629,0,14,55.6,0
CUST-02700,31,52,1,1,1,10845.64,1537.28,590,0,14,41.8,1
CUST-02701,21,63,2,1,1,10586.49,14110.59,752,1,17,85.9,0
CUST-02702,33,59,3,0,0,2395.03,38830.55,672,0,10,53.2,0
CUST-02703,46,47,3,1,0,15965.18,12676.51,695,0,18,72.3,0
CUST-02704,40,78,1,1,1,11507.32,32865.94,700,0,6,58.3,0
CUST-02705,38,58,2,1,0,7957.94,4920.62,616,1,16,66.9,0
CUST-02706,24,1,1,0,0,9241.41,16935.72,641,2,15,33.2,1
CUST-02707,31,7,2,1,1,14304.3,11757.46,662,0,3,48.9,0
CUST-02708,35,86,2,0,0,9022.12,2773.11,625,0,19,3.8,1
CUST-02709,43,64,2,0,1,20642.94,19613.41,610,0,0,78.0,0
CUST-02710,70,5,1,0,0,8800.2,12383.65,609,0,15,42.3,1
CUST-02711,32,87,1,1,1,3894.31,10391.94,564,1,18,65.5,0
CUST-02712,51,36,2,1,0,8565.55,14845.94,589,0,5,65.1,0
CUST-02713,26,84,1,0,1,9035.04,17053.26,644,0,0,58.9,0
CUST-02714,27,35,2,0,0,5411.17,11901.73,526,0,4,85.1,0
CUST-02715,18,83,1,1,1,1500.0,11393.0,686,1,25,9.5,1
CUST-02716,30,72,4,1,0,8820.81,0.0,706,1,11,53.3,0
CUST-02717,52,35,3,1,1,8379.25,12187.71,573,0,16,56.6,0
CUST-02718,39,35,2,1,1,15506.32,10406.25,639,0,14,71.3,0
CUST-02719,54,89,1,1,1,9232.56,13918.97,687,0,12,48.8,1
CUST-02720,34,59,1,1,1,12748.89,29869.47,552,0,14,94.1,1
CUST-02721,52,16,2,1,1,8616.94,18877.84,850,0,14,57.0,0
CUST-02722,33,19,1,1,1,16531.5,23933.31,690,0,15,67.4,0
CUST-02723,50,33,3,0,0,6342.72,7091.39,694,0,10,32.9,1
CUST-02724,59,43,4,1,1,11267.24,14005.9,776,0,12,96.4,0
CUST-02725,37,12,1,1,0,10390.22,8147.36,737,0,16,50.9,1
CUST-02726,23,100,2,1,0,9078.74,0.0,702,0,8,69.7,0
CUST-02727,62,20,3,0,1,10442.05,2479.1,714,0,1,61.2,0
CUST-02728,29,17,1,0,1,12474.03,7955.72,721,0,13,35.9,1
CUST-02729,33,1,1,1,1,5366.71,15728.28,608,0,1,58.2,1
CUST-02730,36,43,2,0,1,8524.56,29131.2,660,2,16,76.0,1
CUST-02731,51,39,2,1,0,14289.17,3172.16,607,0,10,40.8,0
CUST-02732,48,70,2,0,0,15711.81,17910.25,626,1,11,68.2,0
CUST-02733,47,33,1,1,0,3526.45,16640.48,679,1,16,96.1,0
CUST-02734,36,47,1,1,0,13897.67,0.0,524,1,9,79.5,0
CUST-02735,37,43,4,1,0,7850.11,26019.25,663,0,1,88.3,1
CUST-02736,50,48,1,1,0,10330.74,36996.62,687,1,15,74.3,0
CUST-02737,60,36,2,0,1,5755.69,10230.1,667,1,21,35.1,0
CUST-02738,25,28,2,0,1,18946.22,26452.57,541,0,22,46.4,1
CUST-02739,55,54,2,1,1,4268.01,0.0,659,0,13,93.9,0
CUST-02740,51,81,4,0,0,9473.22,21458.96,745,0,8,49.4,1
CUST-02741,48,124,2,1,1,6854.92,0.0,748,2,15,40.4,0
CUST-02742,31,15,3,0,1,12319.7,24861.49,659,0,1,35.4,0
CUST-02743,41,21,2,1,0,11056.5,33722.72,544,0,20,84.1,0
CUST-02744,44,44,1,1,1,10255.95,1057.44,649,1,4,62.9,0
CUST-02745,32,74,1,0,1,11755.55,531.59,542,0,8,19.8,0
CUST-02746,54,55,4,1,1,4605.27,35272.28,664,1,19,77.8,1
CUST-02747,34,30,2,1,1,16400.19,31543.85,595,0,8,42.5,0
CUST-02748,58,74,1,0,1,15773.98,39948.18,664,1,17,50.9,0
CUST-02749,22,8,1,0,0,11137.76,19485.91,572,0,12,67.1,0
CUST-02750,23,37,2,1,1,10503.88,30856.08,679,0,3,40.0,0
CUST-02751,18,23,2,1,0,9085.35,6245.33,653,0,8,29.3,1
CUST-02752,49,18,1,1,1,4998.37,25423.64,573,0,4,40.5,0
CUST-02753,29,8,2,1,0,12251.17,28685.51,745,0,15,23.6,1
CUST-02754,30,28,1,0,0,11143.95,31876.69,581,1,25,29.1,0
CUST-02755,51,27,1,1,0,11414.11,14604.18,721,0,20,78.5,0
CUST-02756,61,2,1,1,1,7231.7,18766.79,556,0,14,84.4,0
CUST-02757,31,3,1,1,0,9394.08,29178.83,523,0,15,91.1,0
CUST-02758,56,24,2,1,0,5377.81,30174.01,621,0,11,53.9,0
CUST-02759,46,62,2,1,1,7296.53,6402.42,716,0,13,48.3,0
CUST-02760,40,12,3,1,1,8723.18,11304.07,598,0,8,16.0,0
CUST-02761,26,59,1,1,1,13659.01,23930.4,687,1,11,64.0,0
CUST-02762,23,48,2,0,1,4921.3,11877.14,586,0,11,28.6,0
CUST-02763,41,62,1,0,0,7642.34,15832.14,696,0,12,73.5,0
CUST-02764,41,1,1,1,0,14245.64,1381.05,748,0,20,87.2,1
CUST-02765,32,21,1,0,1,1500.0,16177.98,694,0,11,61.8,0
CUST-02766,28,66,1,1,1,12875.79,25246.71,559,0,18,18.1,0
CUST-02767,24,106,1,0,1,12801.17,22846.9,629,1,12,39.1,0
CUST-02768,44,28,2,1,1,8023.85,14639.03,646,0,11,88.2,0
CUST-02769,48,1,1,1,0,13747.79,11871.5,563,0,13,59.8,0
CUST-02770,49,56,2,0,1,12516.38,15087.55,495,1,21,32.7,1
CUST-02771,47,90,1,1,1,5112.2,30407.03,636,1,16,0.0,0
CUST-02772,33,53,1,1,0,14294.53,2720.74,629,0,12,67.6,0
CUST-02773,59,27,2,1,1,4575.59,1536.75,628,0,15,43.8,1
CUST-02774,28,27,3,0,1,11054.42,8300.69,746,1,16,85.3,1
CUST-02775,47,78,2,0,0,2279.24,19814.17,730,1,7,42.3,0
CUST-02776,35,123,4,1,0,8947.78,715.4,760,0,7,48.4,0
CUST-02777,26,90,2,1,1,10067.65,22688.63,717,1,11,70.7,0
CUST-02778,32,67,2,0,1,13650.44,1463.15,551,1,9,44.1,0
CUST-02779,46,62,1,1,1,12005.42,3927.0,485,0,5,23.9,1
CUST-02780,53,45,1,1,0,10103.92,8696.85,643,1,12,40.6,0
CUST-02781,44,52,1,1,1,8644.03,21058.23,741,0,4,54.8,1
CUST-02782,18,44,1,1,0,9012.19,21508.5,707,0,15,23.0,1
CUST-02783,49,1,2,1,0,12499.81,6946.68,635,0,17,55.0,0
CUST-02784,18,1,1,0,0,15697.59,50672.07,691,1,8,67.0,1
CUST-02785,63,62,2,1,1,5993.22,23896.92,586,1,21,8.0,0
CUST-02786,43,43,1,0,1,6983.61,22637.96,693,1,19,80.0,0
CUST-02787,42,27,1,1,0,10689.56,26258.81,751,0,13,40.3,1
CUST-02788,52,53,1,1,1,5976.69,4656.82,702,1,12,67.9,1
CUST-02789,37,53,3,0,0,2330.39,11975.29,704,0,20,29.3,0
CUST-02790,37,16,1,1,1,7556.14,21177.09,603,1,23,41.8,1
CUST-02791,35,11,3,1,0,9011.42,9577.67,676,0,24,57.7,0
CUST-02792,41,70,3,1,1,16279.66,17528.27,631,0,17,96.2,0
CUST-02793,41,17,1,1,0,9923.07,20930.27,645,0,1,50.7,0
CUST-02794,43,51,1,0,0,13535.0,19307.09,634,1,3,40.3,1
CUST-02795,18,48,2,1,0,10646.67,2248.16,661,0,16,71.2,0
CUST-02796,39,37,1,1,1,5937.57,3188.0,653,0,12,25.0,0
CUST-02797,21,39,2,0,0,13686.51,0.0,592,0,7,70.8,1
CUST-02798,73,45,3,1,1,5922.79,33613.79,600,0,20,40.3,1
CUST-02799,49,44,1,0,1,15190.72,17158.28,675,0,6,39.6,0
CUST-02800,51,11,3,0,0,9601.63,27914.82,717,1,21,33.0,0
CUST-02801,46,40,1,1,0,8846.19,11387.69,719,0,6,76.8,1
CUST-02802,48,66,4,0,0,14789.05,17512.53,784,0,8,64.7,1
CUST-02803,29,95,2,1,0,7317.03,17960.01,539,0,7,73.5,0
CUST-02804,49,90,3,1,1,11604.86,30614.2,708,0,14,29.2,0
CUST-02805,50,1,1,1,1,10506.23,20612.63,644,1,20,27.2,1
CUST-02806,42,77,2,1,1,5546.02,18014.69,607,0,13,59.3,0
CUST-02807,49,47,2,1,0,4169.78,8054.64,767,0,11,60.7,0
CUST-02808,53,14,3,1,1,8419.19,10457.12,606,1,14,51.8,0
CUST-02809,40,40,3,1,1,10209.22,19787.73,638,0,13,15.5,1
CUST-02810,27,86,2,0,0,7410.9,24138.34,706,1,19,21.0,1
CUST-02811,50,53,3,0,1,8578.99,11732.06,659,0,13,77.5,0
CUST-02812,58,34,2,1,0,5315.14,26443.87,590,1,9,64.0,0
CUST-02813,26,24,1,1,1,8371.63,5948.89,607,1,5,70.0,0
CUST-02814,54,41,3,1,0,9652.68,25434.12,770,0,10,55.2,1
CUST-02815,43,38,1,1,1,9406.09,26637.91,543,0,17,49.5,0
CUST-02816,47,17,1,1,1,1500.0,28739.56,799,0,21,61.5,1
CUST-02817,50,1,2,0,1,8548.12,4036.15,612,0,9,45.9,0
CUST-02818,27,17,2,0,0,7551.51,28914.53,788,0,15,54.6,1
CUST-02819,44,55,3,1,0,10821.84,13632.38,696,0,23,70.5,0
CUST-02820,52,1,2,1,1,4582.3,20882.35,774,0,16,24.8,0
CUST-02821,57,16,3,0,0,6732.62,21767.95,829,1,0,64.4,0
CUST-02822,51,118,2,1,1,12023.71,14904.16,574,2,7,66.5,0
CUST-02823,29,63,2,1,0,11830.27,20198.49,578,1,6,48.0,1
CUST-02824,42,104,4,0,1,2459.61,13394.16,629,0,11,46.4,0
CUST-02825,37,78,1,1,0,6034.23,4030.18,599,0,14,57.7,0
CUST-02826,41,79,1,1,1,12739.38,19764.99,676,0,11,64.5,0
CUST-02827,53,70,1,1,1,14545.93,25452.43,595,1,10,74.2,0
CUST-02828,23,31,2,0,0,20360.03,19222.92,824,0,19,79.1,1
CUST-02829,46,54,1,1,1,6899.34,13484.82,671,0,15,51.6,0
CUST-02830,45,93,2,1,1,13983.28,33041.39,710,0,5,68.2,0
CUST-02831,28,56,1,1,1,7170.4,6561.38,850,0,7,66.9,0
CUST-02832,54,38,4,1,0,14479.38,12531.34,702,1,1,75.4,0
CUST-02833,33,45,2,1,1,11143.13,0.0,614,0,24,62.0,0
CUST-02834,41,92,1,1,1,13369.73,18067.03,536,0,25,68.7,0
CUST-02835,18,8,1,1,0,8365.58,15465.27,679,1,16,35.8,1
CUST-02836,54,105,2,1,0,2960.25,5210.59,535,0,9,17.5,0
CUST-02837,37,39,1,1,1,14276.86,644.89,608,0,10,67.3,0
CUST-02838,36,41,1,0,1,5070.76,22575.31,646,0,18,79.0,0
CUST-02839,58,33,1,1,1,8241.59,24504.0,618,0,19,54.5,0
CUST-02840,18,52,3,1,1,1500.0,5209.29,718,0,0,36.8,0
CUST-02841,51,50,2,1,0,6883.42,8349.54,653,0,22,70.9,0
CUST-02842,53,60,2,1,1,14517.75,670.33,634,1,12,78.5,0
CUST-02843,18,35,3,1,1,5742.77,21024.5,484,0,19,49.2,0
CUST-02844,43,13,2,1,0,7762.3,13272.89,657,0,10,82.4,0
CUST-02845,35,27,3,0,0,4478.3,31435.79,555,0,5,47.1,0
CUST-02846,27,16,1,1,1,8331.44,18749.61,718,0,7,37.4,0
CUST-02847,24,3,2,1,1,9955.12,11861.15,696,0,11,45.7,1
CUST-02848,49,60,3,1,1,6904.89,30511.39,640,0,8,73.5,1
CUST-02849,54,61,1,0,1,7208.38,25809.24,746,0,12,46.4,1
CUST-02850,26,1,1,1,1,3127.84,9789.67,712,0,4,82.9,0
CUST-02851,29,11,2,1,0,12176.69,40518.96,707,0,15,50.9,0
CUST-02852,50,78,3,1,1,9657.7,21460.4,612,0,14,14.8,0
CUST-02853,69,64,1,0,0,7201.63,42961.64,765,1,20,71.8,0
CUST-02854,21,85,2,0,1,9893.02,15209.53,664,0,5,60.1,0
CUST-02855,22,19,3,1,1,12603.63,16934.97,621,0,8,50.9,0
CUST-02856,27,1,3,1,1,4595.86,0.0,554,1,14,29.0,1
CUST-02857,27,1,1,1,1,14782.39,7490.44,476,0,12,38.4,1
CUST-02858,54,56,4,1,1,3346.87,8482.88,580,0,12,70.7,1
CUST-02859,28,6,3,0,0,4344.92,17592.92,615,0,12,35.7,0
CUST-02860,67,91,1,1,0,10496.6,15810.06,672,1,16,36.5,1
CUST-02861,46,47,2,1,1,11372.02,18864.56,666,0,20,71.3,0
CUST-02862,53,60,1,1,1,1500.0,18922.27,578,1,10,53.5,0
CUST-02863,48,66,1,1,0,4062.75,10395.56,687,1,15,35.1,0
CUST-02864,27,80,1,1,1,16163.36,17533.95,712,2,18,41.2,0
CUST-02865,23,51,1,1,1,8369.93,0.0,556,0,2,63.6,0
CUST-02866,52,59,2,1,0,11643.84,0.0,666,0,11,60.0,0
CUST-02867,55,1,1,1,1,13768.7,23766.9,595,0,0,50.4,0
CUST-02868,45,12,2,1,1,4643.52,24764.92,618,0,20,86.9,0
CUST-02869,40,60,2,1,0,11136.35,10623.4,553,0,17,43.1,0
CUST-02870,41,51,1,0,0,7342.51,0.0,503,1,16,68.2,1
CUST-02871,43,35,1,1,1,10841.58,3139.31,525,0,10,47.9,1
CUST-02872,23,23,2,0,0,3421.21,13686.36,723,0,0,53.9,1
CUST-02873,41,68,1,1,1,17519.05,15682.26,516,0,18,62.9,0
CUST-02874,40,54,1,1,0,15054.78,0.0,663,0,22,45.1,1
CUST-02875,18,35,1,1,1,6926.02,0.0,721,1,17,65.4,1
CUST-02876,18,109,1,0,1,5448.3,10414.52,748,0,6,88.1,0
CUST-02877,37,38,3,1,1,10575.2,7132.79,651,0,19,34.7,0
CUST-02878,18,25,1,1,0,6790.75,30401.77,601,0,11,63.8,0
CUST-02879,18,84,2,1,1,9621.68,17064.69,850,1,14,75.0,0
CUST-02880,19,18,3,1,1,8825.23,9580.69,657,2,18,67.6,0
CUST-02881,42,26,2,1,1,11306.16,8128.62,481,0,18,57.1,0
CUST-02882,40,58,1,1,1,9472.37,24570.41,789,0,11,31.8,0
CUST-02883,41,98,3,0,1,5584.22,24396.06,663,1,10,67.3,0
CUST-02884,61,33,2,1,0,13951.09,7613.86,540,1,20,54.4,0
CUST-02885,47,1,1,0,0,8718.8,5383.69,534,0,12,0.0,0
CUST-02886,59,83,3,1,0,4441.32,19455.84,614,1,9,53.5,0
CUST-02887,42,46,3,1,0,12702.34,6034.32,841,0,11,44.4,1
CUST-02888,53,77,3,1,1,15289.9,0.0,694,1,16,33.7,0
CUST-02889,60,62,2,0,0,13121.08,19467.86,555,0,16,87.8,0
CUST-02890,65,86,1,1,1,11980.94,0.0,530,0,21,78.0,0
CUST-02891,37,51,2,1,0,1500.0,24842.37,707,0,20,72.7,0
CUST-02892,25,1,1,0,0,11243.55,28229.98,502,0,12,37.1,1
CUST-02893,41,45,1,0,1,16661.96,37480.51,663,0,13,90.2,0
CUST-02894,57,95,2,0,0,5181.67,12680.16,619,0,6,92.2,0
CUST-02895,60,101,2,1,1,13433.35,0.0,656,0,10,65.6,0
CUST-02896,42,84,1,1,1,12059.47,0.0,739,0,26,51.9,0
CUST-02897,45,54,1,1,1,10756.31,0.0,677,0,13,20.8,0
CUST-02898,60,14,4,1,1,15438.63,38727.66,607,0,2,53.3,1
CUST-02899,42,94,1,1,0,15426.2,28014.4,616,0,14,35.2,0
CUST-02900,48,16,1,1,1,10688.19,27056.88,544,0,12,36.6,1
CUST-02901,52,48,1,1,1,9117.4,9139.87,749,0,12,57.5,0
CUST-02902,37,40,1,1,1,18573.5,13186.94,690,0,21,56.1,0
CUST-02903,29,63,2,1,1,8806.99,10820.88,774,0,3,71.3,0
CUST-02904,71,66,3,1,0,5467.44,0.0,511,0,19,44.3,0
CUST-02905,33,134,2,1,1,9435.45,19592.31,667,0,17,35.1,0
CUST-02906,27,94,3,1,0,14840.67,3011.92,561,0,9,74.0,0
CUST-02907,37,45,2,0,1,9915.83,5715.54,548,0,10,62.7,1
CUST-02908,42,39,1,0,1,9118.71,23857.7,646,0,11,52.8,0
CUST-02909,44,11,1,0,1,10332.04,24741.37,634,0,10,27.6,0
CUST-02910,36,71,4,0,0,12510.5,27221.38,678,0,16,92.1,0
CUST-02911,46,1,2,1,1,6029.63,9024.45,674,0,14,29.2,1
CUST-02912,61,1,1,1,0,15054.7,1717.92,760,0,4,69.1,1
CUST-02913,36,44,1,1,1,4355.23,24051.47,681,0,10,61.2,0
CUST-02914,41,54,2,1,1,7406.78,6779.23,773,2,8,91.7,0
CUST-02915,57,34,3,1,1,11928.64,0.0,693,2,11,54.6,0
CUST-02916,27,68,2,1,1,14702.09,3274.71,633,0,17,25.3,0
CUST-02917,25,34,3,1,1,10076.98,18629.08,713,0,17,42.5,0
CUST-02918,31,92,1,1,0,21565.47,3430.37,504,0,9,30.8,1
CUST-02919,39,62,1,1,1,6214.81,30706.82,530,0,10,55.9,0
CUST-02920,51,36,1,0,1,18038.15,18461.08,470,0,6,32.7,0
CUST-02921,20,20,2,1,1,12067.51,15474.07,548,0,5,83.4,1
CUST-02922,32,103,1,1,0,6171.55,0.0,631,1,11,74.2,0
CUST-02923,26,34,3,0,1,1500.0,24055.62,708,0,6,82.0,0
CUST-02924,20,1,1,1,1,10305.81,39085.91,620,0,12,61.2,0
CUST-02925,24,68,1,0,1,3364.45,35941.85,653,0,17,40.3,1
CUST-02926,49,30,1,1,1,3555.48,1794.92,651,0,8,26.1,1
CUST-02927,41,120,3,1,1,10849.83,34568.13,751,1,21,53.4,0
CUST-02928,42,32,2,1,1,9072.73,0.0,612,1,10,52.0,0
CUST-02929,48,6,2,1,0,13263.95,13897.85,681,0,14,68.6,0
CUST-02930,45,1,1,1,1,2270.81,29314.98,605,0,21,34.1,0
CUST-02931,45,1,2,0,0,11156.38,28896.0,612,0,22,32.2,0
CUST-02932,64,70,1,1,1,19489.76,27664.44,598,1,10,62.7,0
CUST-02933,48,106,1,1,1,8793.69,14761.02,761,0,10,54.4,0
CUST-02934,18,56,3,1,0,1658.05,31444.2,492,0,11,32.7,0
CUST-02935,47,39,2,1,1,9885.95,13138.14,662,1,25,39.3,1
CUST-02936,52,15,1,0,1,12281.67,2951.23,787,0,10,69.8,0
CUST-02937,46,72,1,1,0,15603.15,9192.58,634,0,20,54.1,1
CUST-02938,32,9,2,0,1,6749.49,0.0,839,0,9,66.0,0
CUST-02939,27,30,3,1,1,13062.03,0.0,633,0,11,63.6,0
CUST-02940,41,38,1,0,0,9742.24,12774.09,597,0,9,46.6,0
CUST-02941,49,82,2,1,0,14554.74,25796.63,499,0,7,74.9,0
CUST-02942,51,71,2,1,1,7819.07,21136.62,618,0,4,58.1,0
CUST-02943,18,92,2,1,0,1500.0,51234.28,714,0,21,40.0,0
CUST-02944,44,119,1,0,0,8041.38,14376.72,850,1,10,29.1,0
CUST-02945,56,43,1,0,1,12357.22,36176.83,617,0,21,46.6,0
CUST-02946,50,109,2,0,1,6004.3,0.0,579,0,8,58.4,0
CUST-02947,72,97,2,0,0,4593.18,33451.07,671,0,12,35.6,0
CUST-02948,31,57,3,0,0,6345.32,0.0,669,1,5,38.0,1
CUST-02949,25,93,3,1,1,8939.25,24520.01,637,0,12,49.0,0
CUST-02950,51,81,2,1,0,6844.24,17031.62,697,0,19,88.8,0
CUST-02951,59,101,1,0,1,7136.92,31049.72,685,0,17,25.2,1
CUST-02952,27,1,2,1,1,5671.58,11437.31,371,0,13,52.7,0
CUST-02953,41,20,2,1,1,10950.01,25226.38,764,2,15,90.1,1
CUST-02954,43,8,2,1,1,10936.17,0.0,676,0,4,53.5,1
CUST-02955,45,58,1,0,0,12119.04,24962.52,648,1,11,58.6,0
CUST-02956,56,57,2,1,1,19873.02,30309.98,610,0,15,54.1,0
CUST-02957,69,10,1,0,1,2161.83,29775.73,588,0,20,74.9,0
CUST-02958,33,28,1,1,0,9425.63,14449.25,590,1,17,33.7,0
CUST-02959,36,53,2,1,1,5300.05,7413.4,730,0,3,53.0,0
CUST-02960,21,43,1,1,0,12123.45,0.0,523,1,13,77.2,0
CUST-02961,50,48,1,1,0,10289.58,29304.21,727,1,1,66.9,1
CUST-02962,26,36,1,1,0,15289.57,25195.5,644,1,14,31.7,1
CUST-02963,42,11,2,0,1,14784.25,787.72,550,1,13,65.7,0
CUST-02964,46,67,4,1,1,12871.89,21501.27,697,1,9,60.1,0
CUST-02965,57,7,1,1,1,14575.65,8349.91,566,1,4,59.9,0
CUST-02966,39,72,1,1,1,8407.36,10111.28,738,0,16,44.0,0
CUST-02967,34,55,1,0,1,3837.48,13313.86,782,1,4,64.3,0
CUST-02968,32,77,3,1,1,16411.71,17749.68,748,0,18,75.2,0
CUST-02969,52,75,1,1,1,5578.76,13529.22,627,0,15,54.6,0
CUST-02970,36,2,1,1,0,17310.57,25865.27,565,1,8,7.1,1
CUST-02971,41,10,3,1,1,10451.79,0.0,590,0,0,54.3,1
CUST-02972,49,1,2,0,0,6701.75,31047.03,511,0,17,62.4,0
CUST-02973,56,3,3,1,0,8935.88,6516.88,651,1,11,85.2,1
CUST-02974,54,14,1,0,0,8489.23,0.0,563,0,9,65.2,1
CUST-02975,22,73,2,1,0,6913.83,32833.54,609,0,16,52.1,0
CUST-02976,26,63,1,1,1,10574.97,18051.74,682,0,7,67.1,0
CUST-02977,44,1,2,1,1,9619.89,21452.52,554,3,13,55.4,1
CUST-02978,47,70,3,1,1,15339.48,27877.86,536,1,24,60.5,1
CUST-02979,43,28,2,1,1,10404.62,32646.44,730,0,10,47.4,1
CUST-02980,56,53,1,0,0,5056.73,26155.39,573,0,21,37.4,0
CUST-02981,59,48,2,1,1,7245.89,3375.45,696,2,10,44.7,0
CUST-02982,39,39,1,1,0,5379.95,15635.89,625,0,16,40.8,1
CUST-02983,42,84,2,1,1,14345.72,6414.32,603,0,6,51.2,1
CUST-02984,54,2,2,1,0,12300.93,16457.89,568,0,20,28.4,0
CUST-02985,51,65,3,1,1,5166.92,20386.3,687,1,5,49.5,1
CUST-02986,27,89,2,1,1,7075.18,6927.78,722,0,26,85.1,0
CUST-02987,24,36,2,1,0,6755.36,9435.39,619,0,17,52.3,0
CUST-02988,18,29,2,0,0,6263.14,16440.15,576,0,14,66.2,1
CUST-02989,40,18,1,0,1,18273.64,23624.89,703,1,11,59.9,0
CUST-02990,33,54,1,1,1,6716.28,12380.35,635,0,4,80.1,0
CUST-02991,31,58,1,1,1,6307.19,12311.9,594,1,18,52.1,0
CUST-02992,21,57,1,1,0,4221.71,7582.82,717,2,12,52.4,1
CUST-02993,39,1,1,1,1,2582.52,0.0,650,1,10,15.3,1
CUST-02994,21,97,2,1,0,10619.12,18231.87,694,0,6,45.1,0
CUST-02995,25,74,2,1,0,1500.0,19210.13,650,0,20,41.7,1
CUST-02996,35,42,3,0,0,11380.35,31187.28,724,0,2,100.0,0
CUST-02997,46,64,2,1,1,4024.66,2771.59,647,0,5,38.4,0
CUST-02998,40,6,4,1,0,20428.53,5208.23,669,1,22,22.5,1
CUST-02999,48,60,1,1,1,9478.14,26305.07,638,0,0,94.3,0
CUST-03000,39,25,2,1,0,7931.78,8079.07,789,1,7,73.6,1
